RCN;CODE;Title;ShortTitle;language
664087;H2020-EC;Horizon 2020 Framework Programme;EC Treaty;en
664087;H2020-EC;Rahmenprogramm Horizont 2020;EC Treaty;de
664087;H2020-EC;Programa Marco Horizonte 2020;EC Treaty;es
664087;H2020-EC;Programme-cadre Horizon 2020;EC Treaty;fr
664087;H2020-EC;Programma quadro Orizzonte 2020;EC Treaty;it
664087;H2020-EC;Program ramowy „Horyzont 2020”;EC Treaty;pl
664091;H2020-EU.1.;PRIORITY 'Excellent science';Excellent Science;en
664091;H2020-EU.1.;"SCHWERPUNKT ""Wissenschaftsexzellenz""";Excellent Science;de
664091;H2020-EU.1.;"PRIORIDAD ""Ciencia excelente""";Excellent Science;es
664091;H2020-EU.1.;PRIORITÉ «Excellence scientifique»;Excellent Science;fr
664091;H2020-EU.1.;"PRIORITÀ ""Eccellenza scientifica""";Excellent Science;it
664091;H2020-EU.1.;PRIORYTET „Doskonała baza naukowa”;Excellent Science;pl
664099;H2020-EU.1.1.;EXCELLENT SCIENCE - European Research Council (ERC);European Research Council (ERC);en
664099;H2020-EU.1.1.;"WISSENSCHAFTSEXZELLENZ - Für das Einzelziel ""Europäischer Forschungsrat (ERC)""";European Research Council (ERC);de
664099;H2020-EU.1.1.;CIENCIA EXCELENTE - Consejo Europeo de Investigación (CEI);European Research Council (ERC);es
664099;H2020-EU.1.1.;EXCELLENCE SCIENTIFIQUE - Conseil européen de la recherche (CER);European Research Council (ERC);fr
664099;H2020-EU.1.1.;ECCELLENZA SCIENTIFICA - Consiglio europeo della ricerca (CER);European Research Council (ERC);it
664099;H2020-EU.1.1.;DOSKONAŁA BAZA NAUKOWA - Europejska Rada ds. Badań Naukowych (ERBN);European Research Council (ERC);pl
664101;H2020-EU.1.2.;EXCELLENT SCIENCE - Future and Emerging Technologies (FET);Future and Emerging Technologies (FET);en
664101;H2020-EU.1.2.;WISSENSCHAFTSEXZELLENZ - Künftige und neu entstehende Technologien (FET);Future and Emerging Technologies (FET);de
664101;H2020-EU.1.2.;CIENCIA - Tecnologías Futuras y Emergentes (FET);Future and Emerging Technologies (FET);es
664101;H2020-EU.1.2.;EXCELLENCE SCIENTIFIQUE - Technologies futures et émergentes (FET);Future and Emerging Technologies (FET);fr
664101;H2020-EU.1.2.;ECCELLENZA SCIENTIFICA - Tecnologie emergenti future (TEF);Future and Emerging Technologies (FET);it
664101;H2020-EU.1.2.;DOSKONAŁA BAZA NAUKOWA - Przyszłe i Powstające Technologie (FET);Future and Emerging Technologies (FET);pl
664103;H2020-EU.1.2.1.;FET Open;FET Open;en
664103;H2020-EU.1.2.1.;FET – offener Bereich;FET Open;de
664103;H2020-EU.1.2.1.;FET Open;FET Open;es
664103;H2020-EU.1.2.1.;FET Open;FET Open;fr
664103;H2020-EU.1.2.1.;TEF aperte;FET Open;it
664103;H2020-EU.1.2.1.;FET Open;FET Open;pl
664105;H2020-EU.1.2.2.;FET Proactive;FET Proactive;en
664105;H2020-EU.1.2.2.;FET – proaktiver Bereich;FET Proactive;de
664105;H2020-EU.1.2.2.;FET Proactive;FET Proactive;es
664105;H2020-EU.1.2.2.;FET Proactive;FET Proactive;fr
664105;H2020-EU.1.2.2.;TEF proattive;FET Proactive;it
664105;H2020-EU.1.2.2.;FET Proactive;FET Proactive;pl
664107;H2020-EU.1.2.3.;FET Flagships;FET Flagships;en
664107;H2020-EU.1.2.3.;FET – Leitinitiativen;FET Flagships;de
664107;H2020-EU.1.2.3.;FET Flagships;FET Flagships;es
664107;H2020-EU.1.2.3.;FET Flagships;FET Flagships;fr
664107;H2020-EU.1.2.3.;TEF faro;FET Flagships;it
664107;H2020-EU.1.2.3.;FET Flagships;FET Flagships;pl
664109;H2020-EU.1.3.;EXCELLENT SCIENCE - Marie Skłodowska-Curie Actions;Marie-Sklodowska-Curie Actions;en
664109;H2020-EU.1.3.;WISSENSCHAFTSEXZELLENZ- Marie Skłodowska-Curie Maßnahmen;Marie-Sklodowska-Curie Actions;de
664109;H2020-EU.1.3.;CIENCIA EXCELENTE - Acciones Marie Skłodowska-Curie;Marie-Sklodowska-Curie Actions;es
664109;H2020-EU.1.3.;EXCELLENCE SCIENTIFIQUE - Actions Marie Skłodowska-Curie;Marie-Sklodowska-Curie Actions;fr
664109;H2020-EU.1.3.;ECCELLENZA SCIENTIFICA - Azioni Marie Skłodowska-Curie;Marie-Sklodowska-Curie Actions;it
664109;H2020-EU.1.3.;DOSKONAŁA BAZA NAUKOWA - Działania „Maria Skłodowska-Curie”;Marie-Sklodowska-Curie Actions;pl
664111;H2020-EU.1.3.1.;Fostering new skills by means of excellent initial training of researchers;MCSA Initial training;en
664111;H2020-EU.1.3.1.;Förderung neuer Fähigkeiten durch eine exzellente Erstausbildung von Forschern;MCSA Initial training;de
664111;H2020-EU.1.3.1.;Fomento de nuevas aptitudes mediante una formación inicial excelente de los investigadores;MCSA Initial training;es
664111;H2020-EU.1.3.1.;Promouvoir de nouvelles compétences par une formation initiale d'excellence des chercheurs;MCSA Initial training;fr
664111;H2020-EU.1.3.1.;Promuovere nuove competenze grazie ad una formazione iniziale di eccellenza dei ricercatori;MCSA Initial training;it
664111;H2020-EU.1.3.1.;Wspieranie nowych umiejętności poprzez najwyższej jakości wstępne szkolenie naukowców;MCSA Initial training;pl
664113;H2020-EU.1.3.2.;Nurturing excellence by means of cross-border and cross-sector mobility;MSCA Mobility;en
664113;H2020-EU.1.3.2.;Förderung von Exzellenz durch grenz- und sektorübergreifende Mobilität;MSCA Mobility;de
664113;H2020-EU.1.3.2.;Cultivar la excelencia mediante la movilidad transfronteriza e intersectorial;MSCA Mobility;es
664113;H2020-EU.1.3.2.;Cultiver l'excellence par la mobilité transfrontalière et intersectorielle;MSCA Mobility;fr
664113;H2020-EU.1.3.2.;Sviluppare l'eccellenza attraverso la mobilità transfrontaliera e intersettoriale;MSCA Mobility;it
664113;H2020-EU.1.3.2.;Sprzyjanie najwyższej jakości poprzez transgraniczną i międzysektorową mobilność;MSCA Mobility;pl
664115;H2020-EU.1.3.3.;Stimulating innovation by means of cross-fertilisation of knowledge;MSCA Knowledge;en
664115;H2020-EU.1.3.3.;Innovationsanreize durch die gegenseitige Bereicherung mit Wissen;MSCA Knowledge;de
664115;H2020-EU.1.3.3.;Estimular la innovación mediante la fertilización cruzada de conocimientos;MSCA Knowledge;es
664115;H2020-EU.1.3.3.;Encourager l'innovation par la fertilisation croisée des connaissances;MSCA Knowledge;fr
664115;H2020-EU.1.3.3.;Promuovere l'innovazione attraverso l'arricchimento reciproco delle conoscenze;MSCA Knowledge;it
664115;H2020-EU.1.3.3.;Stymulowanie innowacji poprzez proces wzajemnej inspiracji w dziedzinie wiedzy;MSCA Knowledge;pl
664117;H2020-EU.1.3.4.;Increasing structural impact by co-funding activities;MSCA Co-funding;en
664117;H2020-EU.1.3.4.;Steigerung der strukturellen Wirkung durch die Kofinanzierung von Tätigkeiten;MSCA Co-funding;de
664117;H2020-EU.1.3.4.;Intensificación del impacto estructural mediante la cofinanciación de actividades;MSCA Co-funding;es
664117;H2020-EU.1.3.4.;Renforcer l'impact structurel par le cofinancement des activités;MSCA Co-funding;fr
664117;H2020-EU.1.3.4.;Incrementare l'impatto strutturale mediante il cofinanziamento delle attività;MSCA Co-funding;it
664117;H2020-EU.1.3.4.;Zwiększenie oddziaływania strukturalnego przez współfinansowanie działań;MSCA Co-funding;pl
664119;H2020-EU.1.3.5.;Specific support and policy actions;MSCA Specific support;en
664119;H2020-EU.1.3.5.;Besondere Unterstützung und politische Maßnahmen;MSCA Specific support;de
664119;H2020-EU.1.3.5.;Apoyo específico y acciones políticas;MSCA Specific support;es
664119;H2020-EU.1.3.5.;Soutien spécifique et actions stratégiques;MSCA Specific support;fr
664119;H2020-EU.1.3.5.;Sostegno specifico e azione strategica;MSCA Specific support;it
664119;H2020-EU.1.3.5.;Działania wspierające i polityczne;MSCA Specific support;pl
664121;H2020-EU.1.4.;EXCELLENT SCIENCE - Research Infrastructures;Research Infrastructures;en
664121;H2020-EU.1.4.;WISSENSCHAFTSEXZELLENZ - Forschungsinfrastrukturen;;de
664121;H2020-EU.1.4.;CIENCIA EXCELENTE - Infraestructuras de investigación;Research Infrastructures;es
664121;H2020-EU.1.4.;EXCELLENCE SCIENTIFIQUE - Infrastructures de recherche;Research Infrastructures;fr
664121;H2020-EU.1.4.;ECCELLENZA SCIENTIFICA - Infrastrutture di ricerca;Research Infrastructures;it
664121;H2020-EU.1.4.;DOSKONAŁA BAZA NAUKOWA - Infrastruktura badawcza;Research Infrastructures;pl
664123;H2020-EU.1.4.1.;Developing the European research infrastructures for 2020 and beyond;Research infrastructures for 2020 and beyond;en
664123;H2020-EU.1.4.1.;Ausbau der europäischen Forschungsinfrastrukturen bis 2020 und darüber hinaus;Research infrastructures for 2020 and beyond;de
664123;H2020-EU.1.4.1.;Desarrollar las infraestructuras de investigación europeas para 2020 y años posteriores;Research infrastructures for 2020 and beyond;es
664123;H2020-EU.1.4.1.;Développer les infrastructures de recherche européennes pour 2020 et au-delà;Research infrastructures for 2020 and beyond;fr
664123;H2020-EU.1.4.1.;Sviluppare le infrastrutture di ricerca europee per il 2020 e oltre;Research infrastructures for 2020 and beyond;it
664123;H2020-EU.1.4.1.;Rozwijanie europejskiej infrastruktury badawczej na miarę 2020 r. i dalszej przyszłości;Research infrastructures for 2020 and beyond;pl
664125;H2020-EU.1.4.1.1.;Developing new world-class research infrastructures;;en
664127;H2020-EU.1.4.1.2.;Integrating and opening existing national and regional  research infrastructures of European interest;;en
664129;H2020-EU.1.4.1.3.;Development, deployment and operation of ICT-based e-infrastructures;;en
664131;H2020-EU.1.4.2.;Fostering the innovation potential of research infrastructures and their human resources;Research infrastructures and their human resources;en
664131;H2020-EU.1.4.2.;Steigerung des Innovationspotenzials der Forschungsinfrastrukturen und ihrer Humanressourcen;Research infrastructures and their human resources;de
664131;H2020-EU.1.4.2.;Fomentar el potencial innovador de las infraestructuras de investigación y sus recursos humanos;Research infrastructures and their human resources;es
664131;H2020-EU.1.4.2.;Promouvoir le potentiel d'innovation et les ressources humaines des infrastructures de recherche;Research infrastructures and their human resources;fr
664131;H2020-EU.1.4.2.;Promuovere il potenziale di innovazione e le risorse umane delle infrastrutture di ricerca;Research infrastructures and their human resources;it
664131;H2020-EU.1.4.2.;Wspieranie innowacyjnego potencjału infrastruktury badawczej i jej zasobów ludzkich;Research infrastructures and their human resources;pl
664133;H2020-EU.1.4.2.1.;Exploiting the innovation potential of research infrastructures;;en
664135;H2020-EU.1.4.2.2.;Strengthening the human capital of research infrastructures;;en
664137;H2020-EU.1.4.3.;Reinforcing European research infrastructure policy and international cooperation;Research infrastructure policy and international cooperation;en
664137;H2020-EU.1.4.3.;Stärkung der europäischen Forschungsinfrastrukturpolitik und der internationalen Zusammenarbeit;Research infrastructure policy and international cooperation;de
664137;H2020-EU.1.4.3.;Reforzar la política europea de infraestructuras de investigación y la cooperación internacional;Research infrastructure policy and international cooperation;es
664137;H2020-EU.1.4.3.;Renforcer la politique européenne relative aux infrastructures de recherche ainsi que la coopération internationale;Research infrastructure policy and international cooperation;fr
664137;H2020-EU.1.4.3.;Rafforzamento della politica europea in materia di infrastrutture di ricerca e della cooperazione internazionale;Research infrastructure policy and international cooperation;it
664137;H2020-EU.1.4.3.;Wzmocnienie europejskiej polityki w zakresie infrastruktury badawczej i współpracy międzynarodowej;Research infrastructure policy and international cooperation;pl
664139;H2020-EU.1.4.3.1.;Reinforcing European policy for research infrastructures;;en
664141;H2020-EU.1.4.3.2.;Facilitate strategic international cooperation;;en
664143;H2020-EU.2.;PRIORITY 'Industrial leadership';Industrial Leadership;en
664143;H2020-EU.2.;"SCHWERPUNKT ""Führende Rolle der Industrie""";Industrial Leadership;de
664143;H2020-EU.2.;"PRIORIDAD ""Liderazgo industrial""";Industrial Leadership;es
664143;H2020-EU.2.;PRIORITÉ «Primauté industrielle»;Industrial Leadership;fr
664143;H2020-EU.2.;"PRIORITÀ ""Leadership industriale""";Industrial Leadership;it
664143;H2020-EU.2.;PRIORYTET „Wiodąca pozycja w przemyśle”;Industrial Leadership;pl
664145;H2020-EU.2.1.;INDUSTRIAL LEADERSHIP - Leadership in enabling and industrial technologies;Leadership in enabling and industrial technologies (LEIT);en
664145;H2020-EU.2.1.;FÜHRENDE ROLLE DER INDUSTRIE - Führende Rolle bei grundlegenden und industriellen Technologien;Leadership in enabling and industrial technologies (LEIT);de
664145;H2020-EU.2.1.;LIDERAZGO INDUSTRIAL - Liderazgo en tecnologías industriales y de capacitación;Leadership in enabling and industrial technologies (LEIT);es
664145;H2020-EU.2.1.;PRIMAUTÉ INDUSTRIELLE - Primauté dans le domaine des technologies génériques et industrielles;Leadership in enabling and industrial technologies (LEIT);fr
664145;H2020-EU.2.1.;LEADERSHIP INDUSTRIALE - Leadership nel settore delle tecnologie abilitanti e industriali;Leadership in enabling and industrial technologies (LEIT);it
664145;H2020-EU.2.1.;WIODĄCA POZYCJA W PRZEMYŚLE - Wiodąca pozycja w zakresie technologii prorozwojowych i przemysłowych;Leadership in enabling and industrial technologies (LEIT);pl
664147;H2020-EU.2.1.1.;INDUSTRIAL LEADERSHIP - Leadership in enabling and industrial technologies - Information and Communication Technologies (ICT);Information and Communication Technologies;en
664147;H2020-EU.2.1.1.;FÜHRENDE ROLLE DER INDUSTRIE - Führende Rolle bei grundlegenden und industriellen Technologien - Informations- und Kommunikationstechnologien (IKT)  ;Information and Communication Technologies;de
664147;H2020-EU.2.1.1.;LIDERAZGO INDUSTRIAL - Liderazgo en tecnologías industriales y de capacitación - Tecnologías de la información y la comunicación (TIC);Information and Communication Technologies;es
664147;H2020-EU.2.1.1.;PRIMAUTÉ INDUSTRIELLE - Primauté dans le domaine des technologies génériques et industrielles - Technologies de l'information et de la communication (TIC);Information and Communication Technologies;fr
664147;H2020-EU.2.1.1.;LEADERSHIP INDUSTRIALE - Leadership nel settore delle tecnologie abilitanti e industriali - Tecnologie dell'informazione e della comunicazione (TIC);Information and Communication Technologies;it
664147;H2020-EU.2.1.1.;WIODĄCA POZYCJA W PRZEMYŚLE - Wiodąca pozycja w zakresie technologii prorozwojowych i przemysłowych - Technologie informacyjno-komunikacyjne (ICT);Information and Communication Technologies;pl
664149;H2020-EU.2.1.1.1.;A new generation of components and systems: Engineering of advanced embedded and energy and resource efficient components and systems;;en
664151;H2020-EU.2.1.1.2.;Next generation computing: Advanced and secure computing systems and technologies, including cloud computing;;en
664153;H2020-EU.2.1.1.3.;Future Internet: Software, hardware, Infrastructures, technologies and services;;en
664155;H2020-EU.2.1.1.4.;Content technologies and information management: ICT for digital content, cultural and creative industries;;en
664157;H2020-EU.2.1.1.5.;Advanced interfaces and robots: Robotics and smart spaces;;en
664159;H2020-EU.2.1.1.6.;Micro- and nanoelectronics and photonics: Key enabling technologies related to micro- and nanoelectronics and to photonics, covering also quantum technologies;;en
664161;H2020-EU.2.1.2.;INDUSTRIAL LEADERSHIP - Leadership in enabling and industrial technologies – Nanotechnologies;Nanotechnologies;en
664161;H2020-EU.2.1.2.;FÜHRENDE ROLLE DER INDUSTRIE -Führende Rolle bei grundlegenden und industriellen Technologien -Nanotechnologien;Nanotechnologies;de
664161;H2020-EU.2.1.2.;LIDERAZGO INDUSTRIAL - Liderazgo en tecnologías industriales y de capacitación – Nanotecnologías;Nanotechnologies;es
664161;H2020-EU.2.1.2.;PRIMAUTÉ INDUSTRIELLE - Primauté dans le domaine des technologies génériques et industrielles – Les nanotechnologies;Nanotechnologies;fr
664161;H2020-EU.2.1.2.;LEADERSHIP INDUSTRIALE - Leadership nel settore delle tecnologie abilitanti e industriali – Nanotecnologie;Nanotechnologies;it
664161;H2020-EU.2.1.2.;WIODĄCA POZYCJA W PRZEMYŚLE - Wiodąca pozycja w zakresie technologii prorozwojowych i przemysłowych – Nanotechnologie;Nanotechnologies;pl
664163;H2020-EU.2.1.2.1.;Developing next generation nanomaterials, nanodevices and nanosystems;Next generation nanomaterials, nanodevices and nanosystems;en
664163;H2020-EU.2.1.2.1.;Entwicklung von Nanowerkstoffen, Nanogeräten und Nanosystemen der nächsten Generation;Next generation nanomaterials, nanodevices and nanosystems;de
664163;H2020-EU.2.1.2.1.;Desarrollo de la próxima generación de nanomateriales, nanosistemas y nanodispositivos;Next generation nanomaterials, nanodevices and nanosystems;es
664163;H2020-EU.2.1.2.1.;Développer les nanomatériaux, les nanodispositifs et les nanosystèmes de la prochaine génération;Next generation nanomaterials, nanodevices and nanosystems;fr
664163;H2020-EU.2.1.2.1.;Sviluppo di nanomateriali, nanodispositivi e nanosistemi della prossima generazione;Next generation nanomaterials, nanodevices and nanosystems;it
664163;H2020-EU.2.1.2.1.;Rozwój nowej generacji nanomateriałów, nanourządzeń i nanosystemów;Next generation nanomaterials, nanodevices and nanosystems;pl
664165;H2020-EU.2.1.2.2.;Ensuring the safe and sustainable development and application of nanotechnologies;Safe and sustainable nanotechnologies;en
664165;H2020-EU.2.1.2.2.;Gewährleistung der sicheren und nachhaltigen Entwicklung und Anwendung von Nanotechnologien;Safe and sustainable nanotechnologies;de
664165;H2020-EU.2.1.2.2.;Garantía de un desarrollo y una aplicación seguros y sostenibles de las nanotecnologías;Safe and sustainable nanotechnologies;es
664165;H2020-EU.2.1.2.2.;Assurer la sûreté et la viabilité du développement et de l'application des nanotechnologies;Safe and sustainable nanotechnologies;fr
664165;H2020-EU.2.1.2.2.;Garantire lo sviluppo e l'applicazione sicuri e sostenibili delle nanotecnologie;Safe and sustainable nanotechnologies;it
664165;H2020-EU.2.1.2.2.;Zapewnienie bezpiecznego i zrównoważonego rozwoju i stosowania nanotechnologii;Safe and sustainable nanotechnologies;pl
664167;H2020-EU.2.1.2.3.;Developing the societal dimension of nanotechnology;Societal dimension of nanotechnology;en
664167;H2020-EU.2.1.2.3.;Entwicklung der gesellschaftlichen Dimension der Nanotechnologie;Societal dimension of nanotechnology;de
664167;H2020-EU.2.1.2.3.;Desarrollo de la dimensión social de la nanotecnología;Societal dimension of nanotechnology;es
664167;H2020-EU.2.1.2.3.;Développer la dimension sociétale des nanotechnologies;Societal dimension of nanotechnology;fr
664167;H2020-EU.2.1.2.3.;Sviluppare la dimensione sociale delle nanotecnologie;Societal dimension of nanotechnology;it
664167;H2020-EU.2.1.2.3.;Rozwój wymiaru społecznego nanotechnologii;Societal dimension of nanotechnology;pl
664169;H2020-EU.2.1.2.4.;Efficient and sustainable synthesis and manufacturing of nanomaterials, components and systems;Synthesis and manufacturing of nanomaterials, components and systems;en
664169;H2020-EU.2.1.2.4.;Effiziente und nachhaltige Synthese und Herstellung von Nanowerkstoffen, Komponenten und Systemen;Synthesis and manufacturing of nanomaterials, components and systems;de
664169;H2020-EU.2.1.2.4.;Síntesis y fabricación eficientes y sostenibles de nanomateriales, componentes y sistemas;Synthesis and manufacturing of nanomaterials, components and systems;es
664169;H2020-EU.2.1.2.4.;Assurer une synthèse et une fabrication efficaces et durables des nanomatériaux, de leurs composants et de leurs systèmes;Synthesis and manufacturing of nanomaterials, components and systems;fr
664169;H2020-EU.2.1.2.4.;Sintesi e produzione efficienti e sostenibili di nanomateriali, componenti e sistemi;Synthesis and manufacturing of nanomaterials, components and systems;it
664169;H2020-EU.2.1.2.4.;Efektywna i zrównoważona synteza i produkcja nanomateriałów, części i systemów;Synthesis and manufacturing of nanomaterials, components and systems;pl
664171;H2020-EU.2.1.2.5.;Developing and standardisation of capacity-enhancing techniques, measuring methods and equipment;Capacity-enhancing techniques, measuring methods and equipment;en
664171;H2020-EU.2.1.2.5.;Entwicklung und Normung kapazitätssteigernder Techniken, Messverfahren und Geräte;Capacity-enhancing techniques, measuring methods and equipment;de
664171;H2020-EU.2.1.2.5.;Desarrollo y normalización de técnicas, métodos de medición y equipos que potencien la capacidad;Capacity-enhancing techniques, measuring methods and equipment;es
664171;H2020-EU.2.1.2.5.;Mettre au point et standardiser des techniques, des méthodes de mesure et des équipements permettant une extension des capacités;Capacity-enhancing techniques, measuring methods and equipment;fr
664171;H2020-EU.2.1.2.5.;Sviluppo e standardizzazione di tecniche, metodi di misurazione e attrezzature abilitanti;Capacity-enhancing techniques, measuring methods and equipment;it
664171;H2020-EU.2.1.2.5.;Rozwój i standaryzacja technik zwiększania przepustowości oraz metody i urządzenia pomiarowe;Capacity-enhancing techniques, measuring methods and equipment;pl
664173;H2020-EU.2.1.3.;INDUSTRIAL LEADERSHIP - Leadership in enabling and industrial technologies - Advanced materials;Advanced materials;en
664173;H2020-EU.2.1.3.;FÜHRENDE ROLLE DER INDUSTRIE - Führende Rolle bei grundlegenden und industriellen Technologien - Fortgeschrittene Werkstoffe;Advanced materials;de
664173;H2020-EU.2.1.3.;LIDERAZGO INDUSTRIAL - Liderazgo en tecnologías industriales y de capacitación - Materiales avanzados;Advanced materials;es
664173;H2020-EU.2.1.3.;PRIMAUTÉ INDUSTRIELLE - Primauté dans le domaine des technologies génériques et industrielles - Matériaux avancés;Advanced materials;fr
664173;H2020-EU.2.1.3.;LEADERSHIP INDUSTRIALE - Leadership nel settore delle tecnologie abilitanti e industriali - Materiali avanzati;Advanced materials;it
664173;H2020-EU.2.1.3.;WIODĄCA POZYCJA W PRZEMYŚLE - Wiodąca pozycja w zakresie technologii prorozwojowych i przemysłowych – Materiały zaawansowane;Advanced materials;pl
664175;H2020-EU.2.1.3.1.;Cross-cutting and enabling materials technologies;Cross-cutting and enabling materials technologies;en
664175;H2020-EU.2.1.3.1.;Übergreifende und grundlegende Werkstofftec;Cross-cutting and enabling materials technologies;de
664175;H2020-EU.2.1.3.1.;Tecnologías de materiales transversales y de capacitación;Cross-cutting and enabling materials technologies;es
664175;H2020-EU.2.1.3.1.;Technologies des matériaux transversales et génériques;Cross-cutting and enabling materials technologies;fr
664175;H2020-EU.2.1.3.1.;Tecnologie trasversali e abilitanti in materia di materiali;Cross-cutting and enabling materials technologies;it
664175;H2020-EU.2.1.3.1.;Przekrojowe i prorozwojowych technologie materiałowe;Cross-cutting and enabling materials technologies;pl
664177;H2020-EU.2.1.3.2.;Materials development and transformation;Materials development and transformation;en
664177;H2020-EU.2.1.3.2.;Entwicklung und Transformation von Werkstoffen;Materials development and transformation;de
664177;H2020-EU.2.1.3.2.;Desarrollo y transformación de materiales;Materials development and transformation;es
664177;H2020-EU.2.1.3.2.;Développement et transformation des matériaux;Materials development and transformation;fr
664177;H2020-EU.2.1.3.2.;Sviluppo e trasformazione di materiali;Materials development and transformation;it
664177;H2020-EU.2.1.3.2.;Rozwój i przekształcanie materiałów;Materials development and transformation;pl
664179;H2020-EU.2.1.3.3.;Management of materials components;Management of materials components;en
664179;H2020-EU.2.1.3.3.;Management von Werkstoffkomponenten;Management of materials components;de
664179;H2020-EU.2.1.3.3.;Gestión de componentes de materiales;Management of materials components;es
664179;H2020-EU.2.1.3.3.;Gestion des composants de matériaux;Management of materials components;fr
664179;H2020-EU.2.1.3.3.;Gestione dei componenti dei materiali;Management of materials components;it
664179;H2020-EU.2.1.3.3.;Gospodarowanie składnikami materiałów;Management of materials components;pl
664181;H2020-EU.2.1.3.4.;Materials for a sustainable, resource-efficient and low-emission industry;Materials for a resource-efficient and low-emission industry;en
664181;H2020-EU.2.1.3.4.;Werkstoffe für eine nachhaltige und ressourcenschonende Industrie mit geringen Emissionen;Materials for a resource-efficient and low-emission industry;de
664181;H2020-EU.2.1.3.4.;Materiales para una industria sostenible, eficiente en recursos y de bajas emisiones;Materials for a resource-efficient and low-emission industry;es
664181;H2020-EU.2.1.3.4.;Matériaux pour une industrie durable, efficace dans l'utilisation des ressources et à faible émission de carbone;Materials for a resource-efficient and low-emission industry;fr
664181;H2020-EU.2.1.3.4.;Materiali per un'industria sostenibile, efficiente sotto il profilo delle risorse e a basse emissioni;Materials for a resource-efficient and low-emission industry;it
664181;H2020-EU.2.1.3.4.;Materiały dla zrównoważonego, zasobooszczędnego i niskoemisyjnego przemysłu;Materials for a resource-efficient and low-emission industry;pl
664183;H2020-EU.2.1.3.5.;Materials for creative industries, including heritage;Materials for creative industries, including heritage;en
664183;H2020-EU.2.1.3.5.;Werkstoffe für kreative Branchen, einschließlich Kulturerbe;Materials for creative industries, including heritage;de
664183;H2020-EU.2.1.3.5.;Materiales para las industrias creativas, inclusive el patrimonio;Materials for creative industries, including heritage;es
664183;H2020-EU.2.1.3.5.;Matériaux pour des entreprises créatives, y compris dans le domaine du patrimoine;Materials for creative industries, including heritage;fr
664183;H2020-EU.2.1.3.5.;Materiali per le industrie creative, comprese quelle relative al patrimonio;Materials for creative industries, including heritage;it
664183;H2020-EU.2.1.3.5.;Materiały dla sektorów kreatywnych, w tym związanych z dziedzictwem;Materials for creative industries, including heritage;pl
664185;H2020-EU.2.1.3.6.;Metrology, characterisation, standardisation and quality control;Metrology, characterisation, standardisation and quality control;en
664185;H2020-EU.2.1.3.6.;Metrologie, Merkmalsbeschreibung, Normung und Qualitätskontrolle;Metrology, characterisation, standardisation and quality control;de
664185;H2020-EU.2.1.3.6.;Metrología, caracterización, normalización y control de calidad;Metrology, characterisation, standardisation and quality control;es
664185;H2020-EU.2.1.3.6.;Métrologie, caractérisation, normalisation et contrôle de la qualité;Metrology, characterisation, standardisation and quality control;fr
664185;H2020-EU.2.1.3.6.;Metrologia, caratterizzazione, standardizzazione e controllo di qualità;Metrology, characterisation, standardisation and quality control;it
664185;H2020-EU.2.1.3.6.;Metrologia, charakteryzowanie, standaryzacja i kontrola jakości;Metrology, characterisation, standardisation and quality control;pl
664187;H2020-EU.2.1.3.7.;Optimisation of the use of materials;Optimisation of the use of materials;en
664187;H2020-EU.2.1.3.7.;Optimierung des Werkstoffeinsatzes;Optimisation of the use of materials;de
664187;H2020-EU.2.1.3.7.;Optimización del uso de materiales;Optimisation of the use of materials;es
664187;H2020-EU.2.1.3.7.;Optimisation de l'utilisation des matériaux;Optimisation of the use of materials;fr
664187;H2020-EU.2.1.3.7.;Ottimizzazione dell'impiego di materiali;Optimisation of the use of materials;it
664187;H2020-EU.2.1.3.7.;Optymalizacja wykorzystania materiałów;Optimisation of the use of materials;pl
664189;H2020-EU.2.1.4.;INDUSTRIAL LEADERSHIP - Leadership in enabling and industrial technologies – Biotechnology;Biotechnology;en
664189;H2020-EU.2.1.4.;FÜHRENDE ROLLE DER INDUSTRIE - Führende Rolle bei grundlegenden und industriellen Technologien - Biotechnologie;Biotechnology;de
664189;H2020-EU.2.1.4.;LIDERAZGO INDUSTRIAL - Liderazgo en tecnologías industriales y de capacitación – Biotecnología;Biotechnology;es
664189;H2020-EU.2.1.4.;PRIMAUTÉ INDUSTRIELLE - Primauté dans le domaine des technologies génériques et industrielles – Biotechnologies;Biotechnology;fr
664189;H2020-EU.2.1.4.;LEADERSHIP INDUSTRIALE - Leadership nel settore delle tecnologie abilitanti e industriali – Biotecnologie;Biotechnology;it
664189;H2020-EU.2.1.4.;WIODĄCA POZYCJA W PRZEMYŚLE - Wiodąca pozycja w zakresie technologii prorozwojowych i przemysłowych – Biotechnologia;Biotechnology;pl
664191;H2020-EU.2.1.4.1.;Boosting cutting-edge biotechnologies as a future innovation driver;Cutting-edge biotechnologies as future innovation driver;en
664191;H2020-EU.2.1.4.1.;Unterstützung der Spitzenforschung in der Biotechnologie als künftiger Innovationsmotor;Cutting-edge biotechnologies as future innovation driver;de
664191;H2020-EU.2.1.4.1.;Impulsar las biotecnologías de vanguardia como futuro motor de la innovación;Cutting-edge biotechnologies as future innovation driver;es
664191;H2020-EU.2.1.4.1.;Promouvoir les biotechnologies de pointe comme futur moteur d'innovation;Cutting-edge biotechnologies as future innovation driver;fr
664191;H2020-EU.2.1.4.1.;Rafforzare le biotecnologie d'avanguardia in quanto motore delle future innovazioni;Cutting-edge biotechnologies as future innovation driver;it
664191;H2020-EU.2.1.4.1.;Wspieranie najnowocześniejszych biotechnologii jako przyszłych czynników stymulujących innowację;Cutting-edge biotechnologies as future innovation driver;pl
664193;H2020-EU.2.1.4.2.;Bio-technology based industrial products and processes;Bio-technology based industrial products and processes;en
664193;H2020-EU.2.1.4.2.;Biotechnologische Industrieprodukte und -prozesse;Bio-technology based industrial products and processes;de
664193;H2020-EU.2.1.4.2.;Productos y procesos industriales basados en la biotecnología;Bio-technology based industrial products and processes;es
664193;H2020-EU.2.1.4.2.;Produits et processus industriels fondés sur les biotechnologies;Bio-technology based industrial products and processes;fr
664193;H2020-EU.2.1.4.2.;Prodotti e processi industriali basati sulla biotecnologia;Bio-technology based industrial products and processes;it
664193;H2020-EU.2.1.4.2.;Produkty i procesy przemysłowe oparte na biotechnologii;Bio-technology based industrial products and processes;pl
664195;H2020-EU.2.1.4.3.;Innovative and competitive platform technologies;Innovative and competitive platform technologies;en
664195;H2020-EU.2.1.4.3.;Innovative und wettbewerbsfähige Plattformtechnologien;Innovative and competitive platform technologies;de
664195;H2020-EU.2.1.4.3.;Tecnologías para plataformas innovadoras y competitivas;Innovative and competitive platform technologies;es
664195;H2020-EU.2.1.4.3.;Des technologies «plateformes» innovantes et compétitives;Innovative and competitive platform technologies;fr
664195;H2020-EU.2.1.4.3.;Tecnologie di piattaforma innovative e competitive;Innovative and competitive platform technologies;it
664195;H2020-EU.2.1.4.3.;Innowacyjne i konkurencyjne technologie platformowe;Innovative and competitive platform technologies;pl
664197;H2020-EU.2.1.5.;INDUSTRIAL LEADERSHIP - Leadership in enabling and industrial technologies - Advanced manufacturing and processing;Advanced manufacturing and processing;en
664197;H2020-EU.2.1.5.;FÜHRENDE ROLLE DER INDUSTRIE - Führende Rolle bei grundlegenden und industriellen Technologien - Fortgeschrittene Fertigung und Verarbeitung;Advanced manufacturing and processing;de
664197;H2020-EU.2.1.5.;LIDERAZGO INDUSTRIAL - Liderazgo en tecnologías industriales y de capacitación - Fabricación y transformación avanzadas;Advanced manufacturing and processing;es
664197;H2020-EU.2.1.5.;PRIMAUTÉ INDUSTRIELLE - Primauté dans le domaine des technologies génériques et industrielles - Systèmes de fabrication et de transformation avancés;Advanced manufacturing and processing;fr
664197;H2020-EU.2.1.5.;PRIMAUTÉ INDUSTRIELLE - Primauté dans le domaine des technologies génériques et industrielles - Systèmes de fabrication et de transformation avancés;Advanced manufacturing and processing;fr
664197;H2020-EU.2.1.5.;LEADERSHIP INDUSTRIALE - Leadership nel settore delle tecnologie abilitanti e industriali - Fabbricazione e trasformazione avanzate;Advanced manufacturing and processing;it
664197;H2020-EU.2.1.5.;WIODĄCA POZYCJA W PRZEMYŚLE - Wiodąca pozycja w zakresie technologii prorozwojowych i przemysłowych – Zaawansowane systemy produkcji i przetwarzania;Advanced manufacturing and processing;pl
664199;H2020-EU.2.1.5.1.;Technologies for Factories of the Future;Technologies for Factories of the Future;en
664199;H2020-EU.2.1.5.1.;Technologien für Fabriken der Zukunft;Technologies for Factories of the Future;de
664199;H2020-EU.2.1.5.1.;Tecnologías para las fábricas del futuro;Technologies for Factories of the Future;es
664199;H2020-EU.2.1.5.1.;Des technologies pour les usines du futur;Technologies for Factories of the Future;fr
664199;H2020-EU.2.1.5.1.;Tecnologie per le fabbriche del futuro;Technologies for Factories of the Future;it
664199;H2020-EU.2.1.5.1.;Technologie dla fabryk przyszłości;Technologies for Factories of the Future;pl
664201;H2020-EU.2.1.5.2.;Technologies enabling energy-efficient systems and energy-efficient buildings with a low environmental impact;Technologies enabling energy-efficient systems and buildings;en
664201;H2020-EU.2.1.5.2.;Technologien für energieeffiziente Systeme und energieeffiziente und umweltverträgliche Gebäude;Technologies enabling energy-efficient systems and buildings;de
664201;H2020-EU.2.1.5.2.;Tecnologías que permitan edificios y sistemas energéticamente eficientes con bajo impacto medioambiental;Technologies enabling energy-efficient systems and buildings;es
664201;H2020-EU.2.1.5.2.;Des technologies en faveur de systèmes efficaces dans l'utilisation de l'énergie et de bâtiments efficaces dans l'utilisation de l'énergie et ayant une faible incidence sur l'environnement;Technologies enabling energy-efficient systems and buildings;fr
664201;H2020-EU.2.1.5.2.;Tecnologie per sistemi efficienti sul piano energetico ed edifici con un basso impatto ambientale;Technologies enabling energy-efficient systems and buildings;it
664201;H2020-EU.2.1.5.2.;Technologie wspomagające energooszczędne systemy i budynki o niewielkim oddziaływaniu na środowisko;Technologies enabling energy-efficient systems and buildings;pl
664203;H2020-EU.2.1.5.3.;Sustainable, resource-efficient and low-carbon technologies in energy-intensive process industries;Sustainable, resource-efficient and low-carbon technologies in energy-intensive process industries;en
664203;H2020-EU.2.1.5.3.;Nachhaltige, ressourcenschonende und emissionsarme Technologien für energieintensive Prozessindustrien.;;de
664203;H2020-EU.2.1.5.3.;Tecnologías sostenibles, eficientes en su utilización de recursos y de baja emisión de carbono en las industrias de transformación de gran consumo energético;Sustainable, resource-efficient and low-carbon technologies in energy-intensive process industries;es
664203;H2020-EU.2.1.5.3.;Des technologies durables, efficaces dans l'utilisation des ressources et à faibles émissions de carbone dans les entreprises de transformation à forte intensité d'énergie;Sustainable, resource-efficient and low-carbon technologies in energy-intensive process industries;fr
664203;H2020-EU.2.1.5.3.;Tecnologie sostenibili, efficienti sotto il profilo delle risorse e a basse emissioni di carbonio in processi industriali a elevata intensità energetica;Sustainable, resource-efficient and low-carbon technologies in energy-intensive process industries;it
664203;H2020-EU.2.1.5.3.;Zrównoważone, zasobooszczędne i niskoemisyjne technologie w energochłonnych przemysłach przetwórczych;Sustainable, resource-efficient and low-carbon technologies in energy-intensive process industries;pl
664205;H2020-EU.2.1.5.4.;New sustainable business models;New sustainable business models;en
664205;H2020-EU.2.1.5.4.;Neue nachhaltige Geschäftsmodelle;New sustainable business models;de
664205;H2020-EU.2.1.5.4.;Nuevos modelos de negocio sostenibles;New sustainable business models;es
664205;H2020-EU.2.1.5.4.;Des modèles d'entreprise nouveaux et durables;New sustainable business models;fr
664205;H2020-EU.2.1.5.4.;Nuovi modelli economici sostenibili;New sustainable business models;it
664205;H2020-EU.2.1.5.4.;Nowe zrównoważone modele biznesowe;New sustainable business models;pl
664207;H2020-EU.2.1.6.;INDUSTRIAL LEADERSHIP - Leadership in enabling and industrial technologies – Space;Space;en
664207;H2020-EU.2.1.6.;FÜHRENDE ROLLE DER INDUSTRIE - Führende Rolle bei grundlegenden und industriellen Technologien - Raumfahrt;Space;de
664207;H2020-EU.2.1.6.;LIDERAZGO INDUSTRIAL - Liderazgo en tecnologías industriales y de capacitación – Espacio;Space;es
664207;H2020-EU.2.1.6.;PRIMAUTÉ INDUSTRIELLE - Primauté dans le domaine des technologies génériques et industrielles – Espace;Space;fr
664207;H2020-EU.2.1.6.;LEADERSHIP INDUSTRIALE - Leadership nel settore delle tecnologie abilitanti e industriali – Spazio;Space;it
664207;H2020-EU.2.1.6.;WIODĄCA POZYCJA W PRZEMYŚLE - Wiodąca pozycja w zakresie technologii prorozwojowych i przemysłowych – Przestrzeń kosmiczna;Space;pl
664209;H2020-EU.2.1.6.1.;Enabling European competitiveness, non-dependence and innovation of the European space sector;Competitiveness, non-dependence and innovation;en
664209;H2020-EU.2.1.6.1.;Grundlagen der europäischen Wettbewerbsfähigkeit, Nicht-Abhängigkeit und Innovation im europäischen Weltraumsektor;Competitiveness, non-dependence and innovation;de
664209;H2020-EU.2.1.6.1.;Favorecer la competitividad, la no dependencia y la innovación en el sector espacial europeo;Competitiveness, non-dependence and innovation;es
664209;H2020-EU.2.1.6.1.;Assurer la compétitivité et l'indépendance de l'Europe et promouvoir l'innovation dans le secteur spatial européen;Competitiveness, non-dependence and innovation;fr
664209;H2020-EU.2.1.6.1.;Favorire la competitività europea, la non dipendenza e l'innovazione del settore spaziale europeo;Competitiveness, non-dependence and innovation;it
664209;H2020-EU.2.1.6.1.;Wspomaganie konkurencyjności Europy, niezależności oraz innowacji w europejskim sektorze kosmicznym;Competitiveness, non-dependence and innovation;pl
664211;H2020-EU.2.1.6.2.;Enabling advances in space technology;Enabling advances in space technology;en
664211;H2020-EU.2.1.6.2.;Grundlagen für Fortschritte in den Weltraumtechnologien;Enabling advances in space technology;de
664211;H2020-EU.2.1.6.2.;Favorecer los avances en las tecnologías espaciales;Enabling advances in space technology;es
664211;H2020-EU.2.1.6.2.;Permettre des avancées dans le domaine des technologies spatiales;Enabling advances in space technology;fr
664211;H2020-EU.2.1.6.2.;Consentire progressi nell'ambito delle tecnologie spaziali;Enabling advances in space technology;it
664211;H2020-EU.2.1.6.2.;Wspomaganie postępów w zakresie technologii kosmicznych;Enabling advances in space technology;pl
664213;H2020-EU.2.1.6.3.;Enabling exploitation of space data;Enabling exploitation of space data;en
664213;H2020-EU.2.1.6.3.;Grundlagen für die Nutzung von Weltraumdaten;Enabling exploitation of space data;de
664213;H2020-EU.2.1.6.3.;Favorecer la explotación de los datos espaciales;Enabling exploitation of space data;es
664213;H2020-EU.2.1.6.3.;Permettre l'exploitation des données spatiales;Enabling exploitation of space data;fr
664213;H2020-EU.2.1.6.3.;Permettere lo sfruttamento dei dati spaziali;;it
664213;H2020-EU.2.1.6.3.;Umożliwienie wykorzystania danych pozyskanych w przestrzeni kosmicznej;Enabling exploitation of space data;pl
664215;H2020-EU.2.1.6.4.;Enabling European research in support of international space partnerships;Research in support of international space partnerships;en
664215;H2020-EU.2.1.6.4.;Beitrag der europäischen Forschung zu internationalen Weltraumpartnerschaften;Research in support of international space partnerships;de
664215;H2020-EU.2.1.6.4.;Favorecer la investigación europea de apoyo a las asociaciones espaciales internacionales;Research in support of international space partnerships;es
664215;H2020-EU.2.1.6.4.;Promouvoir la recherche européenne pour soutenir les partenariats internationaux dans le domaine spatial;Research in support of international space partnerships;fr
664215;H2020-EU.2.1.6.4.;Promuovere la ricerca europea per sostenere partenariati internazionali nel settore dello spazio;Research in support of international space partnerships;it
664215;H2020-EU.2.1.6.4.;Umożliwienie prowadzenia europejskich badań naukowych wspierających międzynarodowe partnerstwa w dziedzinie przestrzeni kosmicznej;Research in support of international space partnerships;pl
664217;H2020-EU.2.2.;INDUSTRIAL LEADERSHIP - Access to risk finance;Access to risk finance;en
664217;H2020-EU.2.2.;FÜHRENDE ROLLE DER INDUSTRIE - Zugang zu Risikofinanzierung;Access to risk finance;de
664217;H2020-EU.2.2.;LIDERAZGO INDUSTRIAL - Acceso a la financiación de riesgo;Access to risk finance;es
664217;H2020-EU.2.2.;PRIMAUTÉ INDUSTRIELLE - Accès au financement à risque;Access to risk finance;fr
664217;H2020-EU.2.2.;LEADERSHIP INDUSTRIALE - Accesso al capitale di rischio;Access to risk finance;it
664217;H2020-EU.2.2.;WIODĄCA POZYCJA W PRZEMYŚLE - Dostęp do finansowania ryzyka;Access to risk finance;pl
664219;H2020-EU.2.2.1.;The Debt facility providing debt finance for R&I: 'Union loan and guarantee service for research and innovation';Debt facility;en
664219;H2020-EU.2.2.1.;"Die Kreditfazilität für FuI: ""Unionsdarlehen und Garantien für Forschung und Innovation""";Debt facility;de
664219;H2020-EU.2.2.1.;"Mecanismo de deuda que proporciona financiación de deuda para la I+i: ""Servicio de crédito y garantía de la Unión para la investigación y la innovación""";Debt facility;es
664219;H2020-EU.2.2.1.;Le mécanisme d'emprunt permettant le financement par l'emprunt des activités de recherche et d'innovation: «Service de prêt et de garantie de l'Union pour la recherche et l'innovation»;Debt facility;fr
664219;H2020-EU.2.2.1.;"Lo strumento prestiti che fornisce finanziamenti in ambito R&I: ""Servizio di prestiti e garanzie dell'Unione per la ricerca e l'innovazione""";Debt facility;it
664219;H2020-EU.2.2.1.;Instrument dłużny zapewniający finansowanie dłużne badań naukowych i innowacji: „Instrument pożyczkowo-gwarancyjny Unii na rzecz badań naukowych i innowacji”;Debt facility;pl
664221;H2020-EU.2.2.2.;The Equity facility providing equity finance for R&I: 'Union equity instruments for research and innovation';Equity facility;en
664221;H2020-EU.2.2.2.;"Die Beteiligungskapital-Fazilität für FuI: ""Unionsinstrumente für die Beteiligungsfinanzierung von Forschung und Innovation""";Equity facility;de
664221;H2020-EU.2.2.2.;"Mecanismo de capital que proporciona financiación de capital para la I+i: ""Instrumentos de capital de la Unión para la investigación y la innovación""";Equity facility;es
664221;H2020-EU.2.2.2.;Le mécanisme de fonds propres permettant le financement par les fonds propres des activités de recherche et d'innovation: «Instruments de fonds propres de l'Union pour la recherche et l'innovation»;Equity facility;fr
664221;H2020-EU.2.2.2.;"Lo strumento di capitale proprio che fornisce finanziamenti in ambito R&I: ""Strumenti di capitale dell'Unione per la ricerca e l'innovazione""";Equity facility;it
664221;H2020-EU.2.2.2.;Instrument finansowy zapewniający finansowanie kapitałowe badań naukowych i innowacji: „Instrumenty kapitałowe Unii w zakresie badań naukowych i innowacji”;Equity facility;pl
664223;H2020-EU.2.3.;INDUSTRIAL LEADERSHIP - Innovation In SMEs;Innovation in SMEs;en
664223;H2020-EU.2.3.;FÜHRENDE ROLLE DER INDUSTRIE - Innovation in KMU;Innovation in SMEs;de
664223;H2020-EU.2.3.;LIDERAZGO INDUSTRIAL - Innovación en la pequeña y mediana empresa;Innovation in SMEs;es
664223;H2020-EU.2.3.;PRIMAUTÉ INDUSTRIELLE - Innovation dans les PME;Innovation in SMEs;fr
664223;H2020-EU.2.3.;LEADERSHIP INDUSTRIALE – Innovazione nelle PMI;Innovation in SMEs;it
664223;H2020-EU.2.3.;WIODĄCA POZYCJA W PRZEMYŚLE - Innowacje w MŚP;Innovation in SMEs;pl
664225;H2020-EU.2.3.1.;Mainstreaming SME support, especially through a dedicated instrument;Mainstreaming SME support;en
664225;H2020-EU.2.3.1.;Durchgehende Berücksichtigung der KMU insbesondere durch ein spezifisches Instrument;Mainstreaming SME support;de
664225;H2020-EU.2.3.1.;Durchgehende Berücksichtigung der KMU insbesondere durch ein spezifisches Instrument;Mainstreaming SME support;de
664225;H2020-EU.2.3.1.;Integrar el apoyo a las PYME, especialmente mediante un instrumento específico;Mainstreaming SME support;es
664225;H2020-EU.2.3.1.;Intégrer à tous les niveaux la question du soutien aux PME en particulier par l'intermédiaire d'un instrument spécifique;Mainstreaming SME support;fr
664225;H2020-EU.2.3.1.;Razionalizzazione del sostegno alle PMI in particolare attraverso un apposito strumento;Mainstreaming SME support;it
664225;H2020-EU.2.3.1.;Zintegrowane działania w zakresie wsparcia dla MŚP, w szczególności za pomocą specjalnego instrumentu;Mainstreaming SME support;pl
664227;H2020-EU.2.3.2.;Specific support;;en
664229;H2020-EU.2.3.2.1.;Support for research intensive SMEs;Support for research intensive SMEs;en
664229;H2020-EU.2.3.2.1.;Unterstützung forschungsintensiver KMU;Support for research intensive SMEs;de
664229;H2020-EU.2.3.2.1.;Apoyar a las PYME intensivas en investigación;Support for research intensive SMEs;es
664229;H2020-EU.2.3.2.1.;Soutien aux PME à forte intensité de recherche;Support for research intensive SMEs;fr
664229;H2020-EU.2.3.2.1.;Sostegno per le PMI ad elevata intensità di ricerca;Support for research intensive SMEs;it
664229;H2020-EU.2.3.2.1.;Wsparcie dla MŚP intensywnie korzystających z badań naukowych;Support for research intensive SMEs;pl
664231;H2020-EU.2.3.2.2.;Enhancing the innovation capacity of SMEs;Enhancing the innovation capacity of SMEs;en
664231;H2020-EU.2.3.2.2.;Stärkung der Innovationskapazität von KMU;Enhancing the innovation capacity of SMEs;de
664231;H2020-EU.2.3.2.2.;Mejorar la capacidad de innovación de las PYME;Enhancing the innovation capacity of SMEs;es
664231;H2020-EU.2.3.2.2.;Renforcement de la capacité d'innovation des PME;Enhancing the innovation capacity of SMEs;fr
664231;H2020-EU.2.3.2.2.;Rafforzare la capacità di innovazione delle PMI;Enhancing the innovation capacity of SMEs;it
664231;H2020-EU.2.3.2.2.;Zwiększenie zdolności MŚP pod względem innowacji;Enhancing the innovation capacity of SMEs;pl
664233;H2020-EU.2.3.2.3.;Supporting market-driven innovation;Supporting market-driven innovation;en
664233;H2020-EU.2.3.2.3.;Unterstützung marktorientierter Innovation;Supporting market-driven innovation;de
664233;H2020-EU.2.3.2.3.;Apoyar la innovación impulsada por el mercado;Supporting market-driven innovation;es
664233;H2020-EU.2.3.2.3.;Soutien à l'innovation axée sur le marché;Supporting market-driven innovation;fr
664233;H2020-EU.2.3.2.3.;Sostegno all'innovazione orientata al mercato;Supporting market-driven innovation;it
664233;H2020-EU.2.3.2.3.;Wsparcie innowacji rynkowych;Supporting market-driven innovation;pl
664235;H2020-EU.3.;PRIORITY 'Societal challenges;Societal Challenges;en
664235;H2020-EU.3.;"SCHWERPUNKT ""Gesellschaftliche Herausforderungen""";Societal Challenges;de
664235;H2020-EU.3.;"PRIORIDAD ""Retos de la sociedad""";Societal Challenges;es
664235;H2020-EU.3.;PRIORITÉ «Défis de société»;Societal Challenges;fr
664235;H2020-EU.3.;"PRIORITÀ ""Sfide per la società""";Societal Challenges;it
664235;H2020-EU.3.;PRIORYTET „Wyzwania społeczne”;Societal Challenges;pl
664237;H2020-EU.3.1.;SOCIETAL CHALLENGES - Health, demographic change and well-being;Health;en
664237;H2020-EU.3.1.;GESELLSCHAFTLICHE HERAUSFORDERUNGEN - Gesundheit, demografischer Wandel und Wohlergehen;Health;de
664237;H2020-EU.3.1.;RETOS DE LA SOCIEDAD - Salud, cambio demográfico y bienestar;Health;es
664237;H2020-EU.3.1.;DÉFIS DE SOCIÉTÉ - Santé, évolution démographique et bien-être;Health;fr
664237;H2020-EU.3.1.;SFIDE PER LA SOCIETÀ - Salute, evoluzione demografica e benessere;Health;it
664237;H2020-EU.3.1.;WYZWANIA SPOŁECZNE - Zdrowie, zmiany demograficzne i dobrostan;Health;pl
664239;H2020-EU.3.1.1.;Understanding health, wellbeing and disease;;en
664241;H2020-EU.3.1.1.1.;Understanding the determinants of health, improving health promotion and disease prevention;;en
664243;H2020-EU.3.1.1.2.;Understanding disease;;en
664245;H2020-EU.3.1.1.3.;Improving surveillance and preparedness;;en
664247;H2020-EU.3.1.2.;Preventing disease;;en
664249;H2020-EU.3.1.2.1.;Developing effective prevention and screening programmes and improving the assessment of disease susceptibility;;en
664251;H2020-EU.3.1.2.2.;Improving diagnosis and prognosis;;en
664253;H2020-EU.3.1.2.3.;Developing better preventive and therapeutic vaccines;;en
664255;H2020-EU.3.1.3.;Treating and managing disease;;en
664257;H2020-EU.3.1.3.1.;Treating disease, including developing regenerative medicine;;en
664259;H2020-EU.3.1.3.2.;Transferring knowledge to clinical practice and scalable innovation actions;;en
664261;H2020-EU.3.1.4.;Active ageing and self-management of health;;en
664263;H2020-EU.3.1.4.1.;Active ageing, independent and assisted living;;en
664265;H2020-EU.3.1.4.2.;Individual awareness and empowerment for self-management of health;;en
664267;H2020-EU.3.1.5.;Methods and data;;en
664269;H2020-EU.3.1.5.1.;Improving halth information and better use of health data;;en
664271;H2020-EU.3.1.5.2.;Improving scientific tools and methods to support policy making and regulatory needs;;en
664273;H2020-EU.3.1.5.3.;Using in-silico medicine for improving disease management and prediction;;en
664275;H2020-EU.3.1.6.;Health care provision and integrated care;;en
664277;H2020-EU.3.1.6.1.;Promoting integrated care;;en
664279;H2020-EU.3.1.6.2.;Optimising the efficiency and effectiveness of healthcare provision and reducing inequalities by evidence based decision making and dissemination of best practice, and innovative technologies and approaches;;en
664281;H2020-EU.3.2.;SOCIETAL CHALLENGES - Food security, sustainable agriculture and forestry, marine, maritime and inland water research, and the bioeconomy;Food, agriculture, forestry, marine research and bioeconomy;en
664281;H2020-EU.3.2.;GESELLSCHAFTLICHE HERAUSFORDERUNGEN - Ernährungs- und Lebensmittelsicherheit, nachhaltige Land- und Forstwirtschaft, marine, maritime und limnologische Forschung und Biowirtschaft;Food, agriculture, forestry, marine research and bioeconomy;de
664281;H2020-EU.3.2.;RETOS DE LA SOCIEDAD - Seguridad alimentaria, agricultura y silvicultura sostenibles, investigación marina, marítima y de aguas interiores y bioeconomía;Food, agriculture, forestry, marine research and bioeconomy;es
664281;H2020-EU.3.2.;DÉFIS DE SOCIÉTÉ - Sécurité alimentaire, agriculture et sylviculture durables, recherche marine, maritime et dans le domaine des eaux intérieures, et la bioéconomie;Food, agriculture, forestry, marine research and bioeconomy;fr
664281;H2020-EU.3.2.;SFIDE PER LA SOCIETÀ - Sicurezza alimentare, agricoltura e silvicoltura sostenibili, ricerca marina, marittima e sulle acque interne e bioeconomia;Food, agriculture, forestry, marine research and bioeconomy;it
664281;H2020-EU.3.2.;WYZWANIA SPOŁECZNE - Bezpieczeństwo żywnościowe, zrównoważone rolnictwo i leśnictwo, badania mórz, wód śródlądowych oraz biogospodarka;Food, agriculture, forestry, marine research and bioeconomy;pl
664283;H2020-EU.3.2.1.;Sustainable agriculture and forestry;Sustainable agriculture and forestry;en
664283;H2020-EU.3.2.1.;Nachhaltige Land- und Forstwirtschaft;Sustainable agriculture and forestry;de
664283;H2020-EU.3.2.1.;Agricultura y silvicultura sostenibles;Sustainable agriculture and forestry;es
664283;H2020-EU.3.2.1.;Agriculture et sylviculture durables;Sustainable agriculture and forestry;fr
664283;H2020-EU.3.2.1.;Agricoltura e silvicoltura sostenibili;Sustainable agriculture and forestry;it
664283;H2020-EU.3.2.1.;Zrównoważone rolnictwo i leśnictwo;Sustainable agriculture and forestry;pl
664285;H2020-EU.3.2.1.1.;Increasing production efficiency and coping with climate change, while ensuring sustainability and resilience;;en
664287;H2020-EU.3.2.1.2.;Providing ecosystems services and public goods;;en
664289;H2020-EU.3.2.1.3.;Empowerment of rural areas, support to policies and rural innovation;;en
664291;H2020-EU.3.2.1.4.;Sustainable forestry;;en
664293;H2020-EU.3.2.2.;Sustainable and competitive agri-food sector for a safe and healthy diet;Sustainable and competitive agri-food sector for a safe and healthy diet;en
664293;H2020-EU.3.2.2.;Nachhaltiger und wettbewerbsfähiger Agrar- und Lebensmittelsektor für sichere und gesunde Ernährung;Sustainable and competitive agri-food sector for a safe and healthy diet;de
664293;H2020-EU.3.2.2.;Sector agroalimentario competitivo y sostenible para una dieta sana y segura;Sustainable and competitive agri-food sector for a safe and healthy diet;es
664293;H2020-EU.3.2.2.;Un secteur agro-alimentaire durable et compétitif pour une alimentation sûre et saine;Sustainable and competitive agri-food sector for a safe and healthy diet;fr
664293;H2020-EU.3.2.2.;Un settore agroalimentare sostenibile e competitivo per un'alimentazione sicura e sana;Sustainable and competitive agri-food sector for a safe and healthy diet;it
664293;H2020-EU.3.2.2.;Zrównoważony i konkurencyjny sektor rolno-spożywczy sprzyjający bezpiecznemu i zdrowemu odżywianiu się;Sustainable and competitive agri-food sector for a safe and healthy diet;pl
664295;H2020-EU.3.2.2.1.;Informed consumer choices;;en
664297;H2020-EU.3.2.2.2.;Healthy and safe foods and diets for all;;en
664299;H2020-EU.3.2.2.3.;A sustainable and competitive agri-food industry;;en
664301;H2020-EU.3.2.3.;Unlocking the potential of aquatic living resources;Potential of aquatic living resources;en
664301;H2020-EU.3.2.3.;Nachhaltiger und wettbewerbsfähiger Agrar- und Lebensmittelsektor für sichere und gesunde Ernährung;Potential of aquatic living resources;de
664301;H2020-EU.3.2.3.;Desbloquear el potencial de los recursos acuáticos vivos;Potential of aquatic living resources;es
664301;H2020-EU.3.2.3.;Exploiter le potentiel des ressources aquatiques vivantes;Potential of aquatic living resources;fr
664301;H2020-EU.3.2.3.;Liberare il potenziale delle risorse biologiche acquatiche;Potential of aquatic living resources;it
664301;H2020-EU.3.2.3.;Uwolnienie potencjału wodnych zasobów biologicznych;Potential of aquatic living resources;pl
664303;H2020-EU.3.2.3.1.;Developing sustainable and environmentally-friendly fisheries;;en
664305;H2020-EU.3.2.3.2.;Developing competitive and environmentally-friendly European aquaculture;;en
664307;H2020-EU.3.2.3.3.;Boosting marine and maritime innovation through biotechnology;;en
664309;H2020-EU.3.2.4.;Sustainable and competitive bio-based industries and supporting the development of a European bioeconomy;Bio-based industries and supporting bio-economy;en
664309;H2020-EU.3.2.4.;Nachhaltige und wettbewerbsfähige biobasierte Industriezweige und Förderung der Entwicklung einer europäischen Biowirtschaft;Bio-based industries and supporting bio-economy;de
664309;H2020-EU.3.2.4.;Bioindustrias sostenibles y competitivas y favorables al desarrollo de una bioeconomía europea;Bio-based industries and supporting bio-economy;es
664309;H2020-EU.3.2.4.;Des bio-industries durables et compétitives et une aide à la création d'une bioéconomie européenne;Bio-based industries and supporting bio-economy;fr
664309;H2020-EU.3.2.4.;Bioindustrie sostenibili e competitive e sostegno allo sviluppo di una bioeconomia europea;Bio-based industries and supporting bio-economy;it
664309;H2020-EU.3.2.4.;Zrównoważone i konkurencyjne sektory bioprzemysłu oraz wspieranie rozwoju europejskiej biogospodarki;Bio-based industries and supporting bio-economy;pl
664311;H2020-EU.3.2.4.1.;Fostering the bio-economy for bio-based industries;;en
664313;H2020-EU.3.2.4.3.;Supporting market development for bio-based products and processes;;en
664315;H2020-EU.3.2.5.1.;Climate change impact on marine ecosystems and maritime economy;;en
664316;H2020-EU.3.2.5.;Cross-cutting marine and maritime research;Cross-cutting marine and maritime research;en
664316;H2020-EU.3.2.5.;Übergreifende Meeresforschung und maritime Forschung;Cross-cutting marine and maritime research;de
664316;H2020-EU.3.2.5.;Investigación transversal marina y marítima;Cross-cutting marine and maritime research;es
664316;H2020-EU.3.2.5.;Recherche marine et maritime à caractère transversal;Cross-cutting marine and maritime research;fr
664316;H2020-EU.3.2.5.;Ricerca marina e marittima trasversale;Cross-cutting marine and maritime research;it
664316;H2020-EU.3.2.5.;Przekrojowe badania morskie;Cross-cutting marine and maritime research;pl
664317;H2020-EU.3.2.5.2.;Develop the potential of marine resources through an integrated approach;;en
664319;H2020-EU.3.2.5.3.;Cross-cutting concepts and technologies enabling maritime growth;;en
664321;H2020-EU.3.3.;SOCIETAL CHALLENGES - Secure, clean and efficient energy;Energy;en
664321;H2020-EU.3.3.;GESELLSCHAFTLICHE HERAUSFORDERUNGEN - Sichere, saubere und effiziente Energieversorgung;Energy;de
664321;H2020-EU.3.3.;RETOS DE LA SOCIEDAD - Energía segura, limpia y eficiente;Energy;es
664321;H2020-EU.3.3.;DÉFIS DE SOCIÉTÉ - Énergies sûres, propres et efficaces;Energy;fr
664321;H2020-EU.3.3.;SFIDE PER LA SOCIETÀ - Energia sicura, pulita ed efficiente;Energy;it
664321;H2020-EU.3.3.;WYZWANIA SPOŁECZNE - Bezpieczna, czysta i efektywna energia;Energy;pl
664323;H2020-EU.3.3.1.;Reducing energy consumption and carbon foorpint by smart and sustainable use;Reducing energy consumption and carbon footprint;en
664323;H2020-EU.3.3.1.;Verringerung des Energieverbrauchs und Verbesserung der CO2-Bilanz durch intelligente und nachhaltige Nutzung;Reducing energy consumption and carbon footprint;de
664323;H2020-EU.3.3.1.;Reducir el consumo de energía y la huella de carbono mediante un uso inteligente y sostenible;Reducing energy consumption and carbon footprint;es
664323;H2020-EU.3.3.1.;Réduire la consommation d'énergie et l'empreinte carbone en utilisant l'énergie de manière intelligente et durable;Reducing energy consumption and carbon footprint;fr
664323;H2020-EU.3.3.1.;Ridurre il consumo di energia e le emissioni di carbonio grazie all'uso intelligente e sostenibile;Reducing energy consumption and carbon footprint;it
664323;H2020-EU.3.3.1.;Ograniczenie zużycia energii i śladu węglowego poprzez inteligentne i zrównoważone użytkowanie;Reducing energy consumption and carbon footprint;pl
664325;H2020-EU.3.3.1.1.;Bring to mass market technologies and services for a smart and efficient energy use;;en
664327;H2020-EU.3.3.1.2.;Unlock the potential of efficient and renewable heating-cooling systems;;en
664329;H2020-EU.3.3.1.3.;Foster European Smart cities and Communities;;en
664331;H2020-EU.3.3.2.;Low-cost, low-carbon energy supply;Low-cost, low-carbon energy supply;en
664331;H2020-EU.3.3.2.;Kostengünstige Stromversorgung mit niedrigen CO2-Emissionen;Low-cost, low-carbon energy supply;de
664331;H2020-EU.3.3.2.;Suministro de electricidad a bajo coste y de baja emisión de carbono;Low-cost, low-carbon energy supply;es
664331;H2020-EU.3.3.2.;Un approvisionnement en électricité à faible coût et à faibles émissions de carbone;Low-cost, low-carbon energy supply;fr
664331;H2020-EU.3.3.2.;Energia elettrica a basso costo e a basse emissioni di carbonio;Low-cost, low-carbon energy supply;it
664331;H2020-EU.3.3.2.;Zaopatrzenie w tanią, niskoemisyjną energię elektryczną;Low-cost, low-carbon energy supply;pl
664333;H2020-EU.3.3.2.1.;Develop the full potential of wind energy;;en
664335;H2020-EU.3.3.2.2.;Develop efficient, reliable and cost-competitive solar energy systems;;en
664337;H2020-EU.3.3.2.3.;Develop competitive and environmentally safe technologies for CO2 capture, transport, storage and re-use;;en
664339;H2020-EU.3.3.2.4.;Develop geothermal, hydro, marine and other renewable energy options;;en
664341;H2020-EU.3.3.3.;Alternative fuels and mobile energy sources;Alternative fuels and mobile energy sources;en
664341;H2020-EU.3.3.3.;Alternative Brenn- bzw. Kraftstoffe und mobile Energiequellen;Alternative fuels and mobile energy sources;de
664341;H2020-EU.3.3.3.;Combustibles alternativos y fuentes de energía móviles;Alternative fuels and mobile energy sources;es
664341;H2020-EU.3.3.3.;Des combustibles de substitution et sources d'énergie mobiles;Alternative fuels and mobile energy sources;fr
664341;H2020-EU.3.3.3.;Combustibili alternativi e fonti energetiche mobili;Alternative fuels and mobile energy sources;it
664341;H2020-EU.3.3.3.;Paliwa alternatywne i mobilne źródła energii;Alternative fuels and mobile energy sources;pl
664343;H2020-EU.3.3.3.1.;Make bio-energy more competitive and sustainable;;en
664345;H2020-EU.3.3.3.2.;Reducing time to market for hydrogen and fuel cells technologies;;en
664347;H2020-EU.3.3.3.3.;New alternative fuels;;en
664349;H2020-EU.3.3.4.;A single, smart European electricity grid;A single, smart European electricity grid;en
664349;H2020-EU.3.3.4.;Ein intelligentes europäisches Stromverbundnetz;A single, smart European electricity grid;de
664349;H2020-EU.3.3.4.;Una red eléctrica europea única e inteligente;A single, smart European electricity grid;es
664349;H2020-EU.3.3.4.;Un réseau électrique européen unique et intelligent;A single, smart European electricity grid;fr
664349;H2020-EU.3.3.4.;Un'unica rete elettrica europea intelligente;A single, smart European electricity grid;it
664349;H2020-EU.3.3.4.;Jednolita inteligentna europejska sieć elektroenergetyczna;A single, smart European electricity grid;pl
664351;H2020-EU.3.3.5.;New knowledge and technologies;New knowledge and technologies;en
664351;H2020-EU.3.3.5.;Neue Erkenntnisse und neue Technologien;;de
664351;H2020-EU.3.3.5.;Nuevos conocimientos y tecnologías;New knowledge and technologies;es
664351;H2020-EU.3.3.5.;Des connaissances et technologies nouvelles;New knowledge and technologies;fr
664351;H2020-EU.3.3.5.;Nuove conoscenze e tecnologie;New knowledge and technologies;it
664351;H2020-EU.3.3.5.;Nowa wiedza i technologie;New knowledge and technologies;pl
664353;H2020-EU.3.3.6.;Robust decision making and public engagement;Robust decision making and public engagement;en
664353;H2020-EU.3.3.6.;Qualifizierte Entscheidungsfindung und Einbeziehung der Öffentlichkeit;Robust decision making and public engagement;de
664353;H2020-EU.3.3.6.;Solidez en la toma de decisiones y compromiso público;Robust decision making and public engagement;es
664353;H2020-EU.3.3.6.;La solidité du processus décisionnel et l'implication du public;Robust decision making and public engagement;fr
664353;H2020-EU.3.3.6.;Processo decisionale e impegno pubblico di rilievo;Robust decision making and public engagement;it
664353;H2020-EU.3.3.6.;Solidne procesy decyzyjne i udział społeczeństwa;Robust decision making and public engagement;pl
664355;H2020-EU.3.3.7.;Market uptake of energy innovation - building on Intelligent Energy Europe;Market uptake of energy innovation;en
664355;H2020-EU.3.3.7.;"Markteinführung von Energieinnovationen – Aufbau auf ""Intelligente Energie – Europa";Market uptake of energy innovation;de
664355;H2020-EU.3.3.7.;Absorción por el mercado de la innovación energética - explotación del Programa Energía Inteligente - Europa Europe;Market uptake of energy innovation;es
664355;H2020-EU.3.3.7.;La commercialisation des innovations dans le domaine de l'énergie en s'appuyant sur le programme «Énergie intelligente - Europe»;Market uptake of energy innovation;fr
664355;H2020-EU.3.3.7.;"Assorbimento di mercato dell'innovazione energetica - iniziative fondate sul programma ""Energia intelligente - Europa""";Market uptake of energy innovation;it
664355;H2020-EU.3.3.7.;Wprowadzanie na rynek innowacji w zakresie energii – korzystanie z programu „Inteligentna energia dla Europy”;Market uptake of energy innovation;pl
664355;H2020-EU.3.3.7.;Wprowadzanie na rynek innowacji w zakresie energii – korzystanie z programu „Inteligentna energia dla Europy”;Market uptake of energy innovation;pl
664357;H2020-EU.3.4.;SOCIETAL CHALLENGES - Smart, Green And Integrated Transport;Transport;en
664357;H2020-EU.3.4.;GESELLSCHAFTLICHE HERAUSFORDERUNGEN - Intelligenter, umweltfreundlicher und integrierter Verkehr;Transport;de
664357;H2020-EU.3.4.;RETOS DE LA SOCIEDAD - Transporte inteligente, ecológico e integrado;Transport;es
664357;H2020-EU.3.4.;DÉFIS DE SOCIÉTÉ - Transports intelligents, verts et intégrés;Transport;fr
664357;H2020-EU.3.4.;SFIDE PER LA SOCIETÀ - Trasporti intelligenti, verdi e integrati;Transport;it
664357;H2020-EU.3.4.;WYZWANIA SPOŁECZNE - Inteligentny, zielony i zintegrowany transport;Transport;pl
664359;H2020-EU.3.4.1.;Resource efficient transport that respects the environment;Resource efficient transport that respects the environment;en
664359;H2020-EU.3.4.1.;Ressourcenschonender umweltfreundlicher Verkehr;Resource efficient transport that respects the environment;de
664359;H2020-EU.3.4.1.;Un transporte eficiente en el uso de los recursos y que respeta el medio ambiente;Resource efficient transport that respects the environment;es
664359;H2020-EU.3.4.1.;Des transports économes en énergie et respectueux de l'environnement;Resource efficient transport that respects the environment;fr
664359;H2020-EU.3.4.1.;Trasporti efficienti sotto il profilo delle risorse che rispettino l'ambiente;Resource efficient transport that respects the environment;it
664359;H2020-EU.3.4.1.;Zasobooszczędny transport, który szanuje środowisko;Resource efficient transport that respects the environment;pl
664361;H2020-EU.3.4.1.1.;Making aircraft, vehicles and vessels cleaner and quieter will improve environmental performance and reduce perceived noise and vibration;;en
664363;H2020-EU.3.4.1.2.;Developing smart equipment, infrastructures and services;;en
664365;H2020-EU.3.4.1.3.;Improving transport and mobility in urban areas;;en
664367;H2020-EU.3.4.2.;Better mobility, less congestion, more safety and security;Mobility, safety and security;en
664367;H2020-EU.3.4.2.;Größere Mobilität, geringeres Verkehrsaufkommen, größere Sicherheit;Mobility, safety and security;de
664367;H2020-EU.3.4.2.;Mejor movilidad, menor congestión, mayor seguridad;Mobility, safety and security;es
664367;H2020-EU.3.4.2.;Plus de mobilité, moins d'encombrement, plus de sûreté et de sécurité;Mobility, safety and security;fr
664367;H2020-EU.3.4.2.;Migliorare la mobilità, diminuire il traffico e aumentare la sicurezza;Mobility, safety and security;it
664367;H2020-EU.3.4.2.;Usprawniona mobilność, mniejsze zagęszczenie ruchu, większe bezpieczeństwo i ochrona;Mobility, safety and security;pl
664369;H2020-EU.3.4.2.1.;A substantial reduction of traffic congestion;;en
664371;H2020-EU.3.4.2.2.;Substantial improvements in the mobility of people and freight;;en
664373;H2020-EU.3.4.2.3.;Developing new concepts of freight transport and logistics;;en
664375;H2020-EU.3.4.2.4.;Reducing accident rates, fatalities and casualties and improving security;;en
664377;H2020-EU.3.4.3.;Global leadership for the European transport industry;Global leadership for the European transport industry;en
664377;H2020-EU.3.4.3.;Weltweit führende Rolle der europäischen Verkehrsindustrie;Global leadership for the European transport industry;de
664377;H2020-EU.3.4.3.;Liderazgo mundial para la industria europea del transporte;Global leadership for the European transport industry;es
664377;H2020-EU.3.4.3.;Primauté sur la scène mondiale pour l'industrie européenne des transports;Global leadership for the European transport industry;fr
664377;H2020-EU.3.4.3.;Leadership mondiale per l'industria europea dei trasporti;Global leadership for the European transport industry;it
664377;H2020-EU.3.4.3.;Wiodąca pozycja europejskiego przemysłu transportowego na świecie;Global leadership for the European transport industry;pl
664379;H2020-EU.3.4.3.1.;Developing the next generation of transport means as the way to secure market share in the future;;en
664381;H2020-EU.3.4.3.2.;On board, smart control systems;;en
664383;H2020-EU.3.4.3.3.;Advanced production processes;;en
664385;H2020-EU.3.4.3.4.;Exploring entirely new transport concepts;;en
664387;H2020-EU.3.4.4.;Socio-economic and behavioural research and forward looking activities for policy making;Socio-economic and behavioural research;en
664387;H2020-EU.3.4.4.;Sozioökonomische Forschung, Verhaltensforschung und vorausschauende Tätigkeiten für die politische Entscheidungsfindung.;Socio-economic and behavioural research;de
664387;H2020-EU.3.4.4.;Investigación socioeconómica y de comportamiento y actividades de prospectiva para la formulación de políticas;Socio-economic and behavioural research;es
664387;H2020-EU.3.4.4.;Recherche socio-économique et comportementale et activités de prospective en appui à la prise de décisions;Socio-economic and behavioural research;fr
664387;H2020-EU.3.4.4.;Ricerca socioeconomica e comportamentale e attività orientate al futuro per l'elaborazione delle strategie politiche;Socio-economic and behavioural research;it
664387;H2020-EU.3.4.4.;Społeczno-gospodarcze i behawioralne badania naukowe oraz wybiegające w przyszłość działania związane z kształtowaniem polityki;Socio-economic and behavioural research;pl
664389;H2020-EU.3.5.;SOCIETAL CHALLENGES - Climate action, Environment, Resource Efficiency and Raw Materials;Climate and environment;en
664389;H2020-EU.3.5.;GESELLSCHAFTLICHE HERAUSFORDERUNGEN - Klimaschutz, Umwelt, Ressourceneffizienz und Rohstoffe;Climate and environment;de
664389;H2020-EU.3.5.;RETOS DE LA SOCIEDAD - Acción por el clima, medio ambiente, eficiencia de los recursos y materias primas;Climate and environment;es
664389;H2020-EU.3.5.;DÉFIS DE SOCIÉTÉ - Action pour le climat, environnement, utilisation efficace des ressources et matières premières;Climate and environment;fr
664389;H2020-EU.3.5.;SFIDE PER LA SOCIETÀ - Azione per il clima, ambiente, efficienza delle risorse e materie prime;Climate and environment;it
664389;H2020-EU.3.5.;WYZWANIA SPOŁECZNE - Działania w dziedzinie klimatu, środowisko, efektywna gospodarka zasobami i surowce;Climate and environment;pl
664391;H2020-EU.3.5.1.;Fighting and adapting to climate change;Fighting and adapting to climate change;en
664391;H2020-EU.3.5.1.;Klimaschutz und Anpassung an den Klimawandel;Fighting and adapting to climate change;de
664391;H2020-EU.3.5.1.;Lucha contra el cambio climático y adaptación al mismo;Fighting and adapting to climate change;es
664391;H2020-EU.3.5.1.;Combattre le changement climatique et s'y adapter;Fighting and adapting to climate change;fr
664391;H2020-EU.3.5.1.;Lotta e adattamento ai cambiamenti climatici;Fighting and adapting to climate change;it
664391;H2020-EU.3.5.1.;Walka ze zmianą klimatu i przystosowanie się do niej;Fighting and adapting to climate change;pl
664393;H2020-EU.3.5.1.1.;Improve the understanding of climate change and the provision of reliable climate projections;;en
664395;H2020-EU.3.5.1.2.;Assess impacts, vulnerabilities and develop innovative cost-effective adaptation and risk prevention and management measures;;en
664397;H2020-EU.3.5.1.3.;Support mitigation policies, including studies that focus on impact from other sectoral policies;;en
664399;H2020-EU.3.5.2.;Protection of the environment, sustainable management of natural resources, water, biodiversity and ecosystems;Protection of the environment;en
664399;H2020-EU.3.5.2.;Umweltschutz, nachhaltige Bewirtschaftung der natürlichen Ressourcen, Wasser, biologische Vielfalt und Ökosysteme;Protection of the environment;de
664399;H2020-EU.3.5.2.;Protección del medio ambiente, gestión sostenible de los recursos naturales, el agua, la biodiversidad y los ecosistemas;Protection of the environment;es
664399;H2020-EU.3.5.2.;Protéger l'environnement, gérer les ressources naturelles, l'eau, la biodiversité et les écosystèmes de manière durable;Protection of the environment;fr
664399;H2020-EU.3.5.2.;Protezione dell'ambiente, gestione sostenibile delle risorse naturali e idriche, della biodiversità e degli ecosistemi;Protection of the environment;it
664399;H2020-EU.3.5.2.;Ochrona środowiska, zrównoważone gospodarowanie zasobami naturalnymi, wodą, bioróżnorodnością i ekosystemami;Protection of the environment;pl
664401;H2020-EU.3.5.2.1.;Further our understanding of biodiversity and the functioning of ecosystems, their interactions with social systems and their role in sustaining the economy and human well-being;;en
664403;H2020-EU.3.5.2.2.;Developing integrated approaches to address water-related challenges and the transition to sustainable management and use of water resources and services;;en
664405;H2020-EU.3.5.2.3.;Provide knowledge and tools for effective decision making and public engagement;;en
664407;H2020-EU.3.5.3.;Ensuring the sustainable supply of non-energy and non-agricultural raw materials;Supply of non-energy and non-agricultural raw materials;en
664407;H2020-EU.3.5.3.;Gewährleistung einer nachhaltigen Versorgung mit nicht-energetischen und nicht-landwirtschaftlichen Rohstoffen;Supply of non-energy and non-agricultural raw materials;de
664407;H2020-EU.3.5.3.;Garantía de un abastecimiento sostenible de materias primas no agrícolas y no energéticas;Supply of non-energy and non-agricultural raw materials;es
664407;H2020-EU.3.5.3.;Garantir un approvisionnement durable en matières premières non énergétiques et non agricoles;Supply of non-energy and non-agricultural raw materials;fr
664407;H2020-EU.3.5.3.;Garantire un approvvigionamento sostenibile di materie prime non energetiche e non agricole;Supply of non-energy and non-agricultural raw materials;it
664407;H2020-EU.3.5.3.;Zapewnienie zrównoważonych dostaw surowców nieenergetycznych i nierolniczych;Supply of non-energy and non-agricultural raw materials;pl
664409;H2020-EU.3.5.3.1.;Improve the knowledge base on the availability of raw materials;;en
664411;H2020-EU.3.5.3.2.;Promote the sustainable supply and use of raw materials, including mineral resources, from land and sea, covering exploration, extraction, processing, re-use, recycling and recovery;;en
664413;H2020-EU.3.5.3.3.;Find alternatives for critical raw materials;;en
664415;H2020-EU.3.5.3.4.;Improve societal awareness and skills on raw materials;;en
664417;H2020-EU.3.5.4.;Enabling the transition towards a green economy and society through eco-innovation;A green economy and society through eco-innovation;en
664417;H2020-EU.3.5.4.;Grundlagen für den Übergang zu einer umweltfreundlichen Wirtschaft und Gesellschaft durch Öko-Innovation;A green economy and society through eco-innovation;de
664417;H2020-EU.3.5.4.;"Posibilitar la transición hacia una economía y una sociedad ""verdes"" a través de la ecoinnovación";A green economy and society through eco-innovation;es
664417;H2020-EU.3.5.4.;Garantir la transition vers une économie et une société «vertes» grâce à l'éco-innovation;A green economy and society through eco-innovation;fr
664417;H2020-EU.3.5.4.;Agevolare la transizione verso un'economia e una società verdi per mezzo dell'ecoinnovazione;A green economy and society through eco-innovation;it
664417;H2020-EU.3.5.4.;Umożliwienie ekologizacji gospodarki i społeczeństwa poprzez ekoinnowacje;;pl
664419;H2020-EU.3.5.4.1.;Strengthen  eco-innovative technologies, processes, services and products including exploring ways to reduce the quantities of raw materials in production and consumption, and overcoming barriers in this context and boost their market uptake;;en
664421;H2020-EU.3.5.4.2.;Support innovative policies and societal changes;;en
664423;H2020-EU.3.5.4.3.;Measure and assess progress towards a green economy;;en
664425;H2020-EU.3.5.4.4.;Foster resource efficiency through digital systems;;en
664427;H2020-EU.3.5.5.;Developing comprehensive and sustained global environmental observation and information systems;Environmental observation and information systems;en
664427;H2020-EU.3.5.5.;Entwicklung von Systemen für die umfassende und kontinuierliche globale Umweltüberwachung und von entsprechenden Informationssystemen;Environmental observation and information systems;de
664427;H2020-EU.3.5.5.;Desarrollo de sistemas completos y duraderos de observación e información sobre el medio ambiente mundial;Environmental observation and information systems;es
664427;H2020-EU.3.5.5.;Développer des systèmes complets et soutenus d'observation et d'information à l'échelle mondiale en matière d'environnement;Environmental observation and information systems;fr
664427;H2020-EU.3.5.5.;Sviluppare sistemi globali e continuativi di informazione e osservazione ambientali a livello mondiale;Environmental observation and information systems;it
664427;H2020-EU.3.5.5.;Rozwój kompleksowych i trwałych globalnych systemów obserwacji i informacji środowiskowej;Environmental observation and information systems;pl
664429;H2020-EU.3.5.6.;Cultural heritage;Cultural heritage;en
664429;H2020-EU.3.5.6.;Kulturerbe;Cultural heritage;de
664429;H2020-EU.3.5.6.;Patrimonio cultural;Cultural heritage;es
664429;H2020-EU.3.5.6.;Patrimoine culturel;Cultural heritage;fr
664429;H2020-EU.3.5.6.;Patrimonio culturale;Cultural heritage;it
664429;H2020-EU.3.5.6.;Dziedzictwo kulturowe;Cultural heritage;pl
664431;H2020-EU.3.5.6.1.;Identifying resilience levels via observations, monitoring and modelling;;en
664433;H2020-EU.3.5.6.2.;Providing for a better understanding on how communities perceive and respond to climate change and seismic and volcanic hazards;;en
664435;H2020-EU.3.6.;SOCIETAL CHALLENGES - Europe In A Changing World - Inclusive, Innovative And Reflective Societies;Inclusive, innovative and reflective societies;en
664435;H2020-EU.3.6.;GESELLSCHAFTLICHE HERAUSFORDERUNGEN - Europa in einer sich verändernden Welt: integrative, innovative und reflektierende Gesellschaften;Inclusive, innovative and reflective societies;de
664435;H2020-EU.3.6.;RETOS DE LA SOCIEDAD - Europa en un mundo cambiante - sociedades inclusivas, innovadoras y reflexivas;Inclusive, innovative and reflective societies;es
664435;H2020-EU.3.6.;DÉFIS DE SOCIÉTÉ - L'Europe dans un monde en évolution - des sociétés ouvertes à tous, innovantes et capables de réflexion;Inclusive, innovative and reflective societies;fr
664435;H2020-EU.3.6.;SFIDE PER LA SOCIETÀ - L'Europa in un mondo che cambia - società inclusive, innovative e riflessive;Inclusive, innovative and reflective societies;it
664435;H2020-EU.3.6.;WYZWANIA SPOŁECZNE - Europa w zmieniającym się świecie – integracyjne, innowacyjne i refleksyjne społeczeństwa;Inclusive, innovative and reflective societies;pl
664437;H2020-EU.3.6.1.;Inclusive societies;Inclusive societies;en
664437;H2020-EU.3.6.1.;Integrative Gesellschaften;Inclusive societies;de
664437;H2020-EU.3.6.1.;Sociedades inclusivas;Inclusive societies;es
664437;H2020-EU.3.6.1.;Des sociétés ouvertes à tous;Inclusive societies;fr
664437;H2020-EU.3.6.1.;Società inclusive;Inclusive societies;it
664437;H2020-EU.3.6.1.;Społeczeństwa integracyjne;Inclusive societies;pl
664439;H2020-EU.3.6.1.1.;The mechanisms to promote smart, sustainable and inclusive growth;;en
664441;H2020-EU.3.6.1.2.;Trusted organisations, practices, services and policies that are necessary to build resilient, inclusive, participatory, open and creative societies in Europe, in particular taking into account migration, integration and demographic change;;en
664443;H2020-EU.3.6.1.3.;Europe's role as a global actor, notably regarding human rights and global justice;;en
664445;H2020-EU.3.6.1.4.;The promotion of sustainable and inclusive environments through innovative spatial and urban planning and design;;en
664447;H2020-EU.3.6.2.;Innovative societies;Innovative societies;en
664447;H2020-EU.3.6.2.;Innovative Gesellschaften;Innovative societies;de
664447;H2020-EU.3.6.2.;Sociedades innovadoras;Innovative societies;es
664447;H2020-EU.3.6.2.;Des sociétés novatrices;Innovative societies;fr
664447;H2020-EU.3.6.2.;Società innovative;Innovative societies;it
664447;H2020-EU.3.6.2.;Società innovative;Innovative societies;it
664447;H2020-EU.3.6.2.;Innowacyjne społeczeństwa;Innovative societies;pl
664449;H2020-EU.3.6.2.2.;Explore new forms of innovation, with special emphasis on social innovation and creativity and understanding how all forms of innovation are developed, succeed or fail;;en
664451;H2020-EU.3.6.2.3.;Make use of the innovative, creative and productive potential of all generations;;en
664453;H2020-EU.3.6.2.4.;Promote coherent and effective cooperation with third countries;;en
664455;H2020-EU.3.6.3.;Reflective societies - cultural heritage and European identity;Reflective societies;en
664455;H2020-EU.3.6.3.;Reflektierende Gesellschaften – Kulturerbe und europäische Identität;Reflective societies;de
664455;H2020-EU.3.6.3.;Sociedades reflexivas - patrimonio cultural e identidad europea;Reflective societies;es
664455;H2020-EU.3.6.3.;Des sociétés de réflexion - patrimoine culturel et identité européenne;Reflective societies;fr
664455;H2020-EU.3.6.3.;Società riflessive - patrimonio culturale e identità europea;Reflective societies;it
664455;H2020-EU.3.6.3.;Refleksyjne społeczeństwa – dziedzictwo kulturowe i tożsamość europejska;Reflective societies;pl
664457;H2020-EU.3.6.3.1.;Study European heritage, memory, identity, integration and cultural interaction and translation, including its representations in cultural and scientific collections, archives and museums, to better inform and understand the present by richer interpretat...;;en
664459;H2020-EU.3.6.3.2.;Research into European countries' and regions' history, literature, art, philosophy and religions and how these have informed contemporary European diversity;;en
664461;H2020-EU.3.6.3.3.;Research on Europe's role in the world, on the mutual influence and ties between the world regions, and a view from outside on European cultures;;en
664463;H2020-EU.3.7.;Secure societies - Protecting freedom and security of Europe and its citizens;Secure societies;en
664463;H2020-EU.3.7.;GESELLSCHAFTLICHE HERAUSFORDERUNGEN - Sichere Gesellschaften – Schutz der Freiheit und Sicherheit Europas und seiner Bürger;Secure societies;de
664463;H2020-EU.3.7.;RETOS DE LA SOCIEDAD - Sociedades seguras – proteger la libertad y la seguridad de Europa y sus ciudadanos;Secure societies;es
664463;H2020-EU.3.7.;DÉFIS DE SOCIÉTÉ - Sociétés sûres - Protéger la liberté et la sécurité de l'Europe et de ses citoyens;Secure societies;fr
664463;H2020-EU.3.7.;SFIDE PER LA SOCIETÀ - Società sicure - proteggere la libertà e la sicurezza dell'Europa e dei suoi cittadini;Secure societies;it
664463;H2020-EU.3.7.;WYZWANIA SPOŁECZNE - Bezpieczne społeczeństwa – ochrona wolności i bezpieczeństwa Europy i jej obywateli;Secure societies;pl
664465;H2020-EU.3.7.1.;Fight crime, illegal trafficking and terrorism, including understanding and tackling terrorist ideas and beliefs;;en
664467;H2020-EU.3.7.2.;Protect and improve the resilience of critical infrastructures, supply chains and tranport modes;;en
664469;H2020-EU.3.7.3.;Strengthen security through border management;;en
664471;H2020-EU.3.7.4.;Improve cyber security;;en
664473;H2020-EU.3.7.5.;Increase Europe's resilience to crises and disasters;;en
664475;H2020-EU.3.7.6.;Ensure privacy and freedom, including in the Internet and enhance the societal, legal and ethical understanding of all areas of security, risk and management;;en
664477;H2020-EU.3.7.7.;Enhance stadardisation and interoperability of systems, including for emergency purposes;;en
664479;H2020-EU.3.7.8.;Support the Union's external security policies including through conflict prevention and peace-building;;en
664481;H2020-EU.4.;SPREADING EXCELLENCE AND WIDENING PARTICIPATION;Spreading excellence and widening participation;en
664481;H2020-EU.4.;VERBREITUNG VON EXZELLENZ UND AUSWEITUNG DER BETEILIGUNG;Spreading excellence and widening participation;de
664481;H2020-EU.4.;DIFUNDIR LA EXCELENCIA Y AMPLIAR LA PARTICIPACIÓN;Spreading excellence and widening participation;es
664481;H2020-EU.4.;PROPAGER L'EXCELLENCE ET ÉLARGIR LA PARTICIPATION;Spreading excellence and widening participation;fr
664481;H2020-EU.4.;DIFFONDERE L'ECCELLENZA E AMPLIARE LA PARTECIPAZIONE;Spreading excellence and widening participation;it
664481;H2020-EU.4.;UPOWSZECHNIANIE DOSKONAŁOŚCI I ZAPEWNIANIE SZERSZEGO UCZESTNICTWA;Spreading excellence and widening participation;pl
664483;H2020-EU.4.a.;Teaming of excellent research institutions and low performing RDI regions;Teaming of research institutions and low performing regions;en
664483;H2020-EU.4.a.;Zusammenführung von exzellenten Forschungseinrichtungen und hinsichtlich Forschung, Entwicklung und Innovation leistungsschwachen Regionen;Teaming of research institutions and low performing regions;de
664483;H2020-EU.4.a.;Creación de nuevos centros de excelencia;Teaming of research institutions and low performing regions;es
664483;H2020-EU.4.a.;Faire travailler ensemble des institutions de recherche d'excellence et des régions peu performantes en matière de recherche, de développement et d'innovation;Teaming of research institutions and low performing regions;fr
664483;H2020-EU.4.a.;Raggruppamento di istituti di ricerca di eccellenza e regioni con prestazioni meno soddisfacenti dal punto di vista dell'RSI;Teaming of research institutions and low performing regions;it
664483;H2020-EU.4.a.;łączeniu w zespoły najlepszych instytucji badawczych (ang. teaming) oraz przedstawicieli regionów osiągających słabe wyniki w zakresie badań, rozwoju i innowacji,;Teaming of research institutions and low performing regions;pl
664485;H2020-EU.4.b.;Twinning of research institutions;Twinning of research institutions;en
664485;H2020-EU.4.b.;Partnerschaften zwischen Forschungseinrichtungen;Twinning of research institutions;de
664485;H2020-EU.4.b.;El hermanamiento de centros de investigación;Twinning of research institutions;es
664485;H2020-EU.4.b.;Jumeler des institutions de recherche;Twinning of research institutions;fr
664485;H2020-EU.4.b.;Gemellaggi di istituti di ricerca;Twinning of research institutions;it
664485;H2020-EU.4.b.;Tworzeniu partnerstw między instytucjami badawczymi (ang. twinning);tworzeniu partnerstw między instytucjami badawczymi (ang. twinning);pl
664487;H2020-EU.4.c.;Establishing ‚ERA Chairs’;ERA chairs;en
664487;H2020-EU.4.c.;Einrichtung von EFR-Lehrstühlen;ERA chairs;de
664487;H2020-EU.4.c.;"Establecimiento de ""cátedras del EEI""";ERA chairs;es
664487;H2020-EU.4.c.;Instaurer des «chaires EER»;ERA chairs;fr
664487;H2020-EU.4.c.;"Istituzione di cattedre ""SER""";ERA chairs;it
664487;H2020-EU.4.c.;Ustanowieniu „katedr EPB” (ang. „ERA chairs”);ERA chairs;pl
664489;H2020-EU.4.d.;A Policy Support Facility;Policy Support Facility (PSF);en
664489;H2020-EU.4.d.;Eine Fazilität für Politikunterstützung;Policy Support Facility (PSF);de
664489;H2020-EU.4.d.;Creación de un mecanismo de apoyo a las políticas;Policy Support Facility (PSF);es
664489;H2020-EU.4.d.;Mettre en place un mécanisme de soutien aux politiques;Policy Support Facility (PSF);fr
664489;H2020-EU.4.d.;Un meccanismo di sostegno delle politiche;Policy Support Facility (PSF);it
664489;H2020-EU.4.d.;Wprowadzeniu narzędzia wspierania polityki;Policy Support Facility (PSF);pl
664491;H2020-EU.4.e.;Supporting access to international networks for excellent researchers and innovators who lack sufficient involvement in European and international networks;;en
664493;H2020-EU.4.f.;Strengthening the administrative and operational capacity of transnational networks of National Contact Points;;en
664495;H2020-EU.5.;SCIENCE WITH AND FOR SOCIETY;Science with and for Society;en
664495;H2020-EU.5.;WISSENSCHAFT MIT DER UND FÜR DIE GESELLSCHAFT;Science with and for Society;de
664495;H2020-EU.5.;CIENCIA CON Y PARA LA SOCIEDAD;Science with and for Society;es
664495;H2020-EU.5.;LA SCIENCE AVEC ET POUR LA SOCIÉTÉ;Science with and for Society;fr
664495;H2020-EU.5.;SCIENZA CON E PER LA SOCIETÀ;Science with and for Society;it
664495;H2020-EU.5.;NAUKA Z UDZIAŁEM SPOŁECZEŃSTWA I DLA SPOŁECZEŃSTWA;Science with and for Society;pl
664497;H2020-EU.5.a.;Make scientific and technological careers attractive to young students, and forster sustainable interaction between schools, research institutions, industry and civil society organisations;;en
664499;H2020-EU.5.b.;Promote gender equality in particular by supporting structural change in the organisation of research institutions and in the content and design of research activities;;en
664501;H2020-EU.5.c.;Integrate society in science and innovation issues, policies and activities in order to integrate citizens' interests and values and to increase the quality, relevance, social acceptability and sustainability of research and innovation outcomes in variou...;;en
664503;H2020-EU.5.e.;Develop the accessibility and the use of the results of publicly-funded research;;en
664505;H2020-EU.5.f.;Develop the governance for the advancement of responsible research and innovation by all stakeholders, which is sensitive to society needs and demands and promote an ethics framework for research and innovation;;en
664507;H2020-EU.5.g.;Take due and proportional precautions in research and innovation activities by anticipating and assessing potential environmental, health and safety impacts;;en
664509;H2020-EU.5.h.;Improving knowledge on science communication in order to improve the quality and effectiveness of interactions between scientists, general media and the public;;en
664511;H2020-EU.6.;NON-NUCLEAR DIRECT ACTIONS OF THE JOINT RESEARCH CENTRE (JRC);Joint Research Centre (JRC) non-nuclear direct actions;en
664511;H2020-EU.6.;DIREKTE MASSNAHMEN DER GEMEINSAMEN FORSCHUNGSSTELLE (GFS) AUSSERHALB DES NUKLEARBEREICHS;Joint Research Centre (JRC) non-nuclear direct actions;de
664511;H2020-EU.6.;ACCIONES DIRECTAS NO NUCLEARES DEL CENTRO COMÚN DE INVESTIGACIÓN (CCI);Joint Research Centre (JRC) non-nuclear direct actions;es
664511;H2020-EU.6.;LES ACTIONS DIRECTES NON NUCLÉAIRES DU CENTRE COMMUN DE RECHERCHE (JRC);Joint Research Centre (JRC) non-nuclear direct actions;fr
664511;H2020-EU.6.;AZIONI DIRETTE NON NUCLEARI DEL CENTRO COMUNE DI RICERCA (CCR);Joint Research Centre (JRC) non-nuclear direct actions;it
664511;H2020-EU.6.;DZIAŁANIA BEZPOŚREDNIE WSPÓLNEGO CENTRUM BADAWCZEGO (JRC) NIENALEŻĄCE DO OBSZARU BADAŃ JĄDROWYCH;Joint Research Centre (JRC) non-nuclear direct actions;pl
664513;H2020-EU.7.;THE EUROPEAN INSTITUTE OF INNOVATION AND TECHNOLOGY (EIT);European Institute of Innovation and Technology (EIT);en
664513;H2020-EU.7.;DAS EUROPÄISCHE INNOVATIONS- UND TECHNOLOGIEINSTITUT (EIT);European Institute of Innovation and Technology (EIT);de
664513;H2020-EU.7.;INSTITUTO EUROPEO DE INNOVACIÓN Y TECNOLOGÍA (EIT);European Institute of Innovation and Technology (EIT);es
664513;H2020-EU.7.;INSTITUT EUROPÉEN D'INNOVATION ET DE TECHNOLOGIE (EIT);European Institute of Innovation and Technology (EIT);fr
664513;H2020-EU.7.;L'ISTITUTO EUROPEO DI INNOVAZIONE E TECNOLOGIA (EIT);European Institute of Innovation and Technology (EIT);it
664513;H2020-EU.7.;EUROPEJSKI INSTYTUT INNOWACJI I TECHNOLOGII (EIT);European Institute of Innovation and Technology (EIT);pl
664515;H2020-Euratom;Euratom;;en
664517;H2020-Euratom-1.;Indirect actions;;en
664519;H2020-Euratom-1.1.;Support safe operation of nuclear systems;;en
664521;H2020-Euratom-1.2.;Contribute to the development of solutions for the management of ultimate nuclear waste;;en
664523;H2020-Euratom-1.3.;Support the development and sustainability of nuclear competences at Union level;;en
664525;H2020-Euratom-1.4.;Foster radiation protection;;en
664527;H2020-Euratom-1.5.;Move toward demonstration of feasibility of fusion as a power source by exploiting existing and future fusion facilities;;en
664529;H2020-Euratom-1.6.;Lay the foundations for future fusion power plants by developing materials, technologies and conceptual design;;en
664531;H2020-Euratom-1.7.;Promote innovation and industry competitiveness;;en
664533;H2020-Euratom-1.8.;Ensure availability and use of research infrastructures of pan_european relevance;;en
664535;H2020-Euratom-1.9.;European Fusion Development Agreement;;en
664539;H2020-EU.2.1.6.1.1.;Safeguard and further develop a competitive, sustainable and entrepreneurial space industry and research community and strengthen European non-dependence in space systems;;en
664541;H2020-EU.2.1.6.1.2.;Boost innovation between space and non-space sectors;;en
664543;H2020-EU.5.d.;Encourage citizens to engage in science through formal and informal science education, and promote the diffusion of science-based activities, namely in science centres and through other appropriate channels;;en
665315;H2020-EU.3.2.6.;Bio-based Industries Joint Technology Initiative (BBI-JTI);;en
665317;H2020-EU.3.2.6.1.;Sustainable and competitive bio-based industries and supporting the development of a European bio-economy;;en
665319;H2020-EU.3.2.6.2.;Fostering the bio-economy for bio-based industrie;;en
665321;H2020-EU.3.2.6.3.;Sustainable biorefineries;;en
665325;H2020-EU.2.1.1.7.;ECSEL;;en
665327;H2020-EU.2.1.1.7.1.;Design technologies, process and integration, equipment, materials and manufacturing for micro- and nanoelectronics while targeting miniaturisation, diversification and differentiation, heterogeneous integration;;en
665329;H2020-EU.2.1.1.7.2.;Processes, methods, tools and platforms, reference designs and architectures, for software and/or control-intensive embedded/cyber-physical systems, addressing seamless connectivity and interoperability, functional safety, high availability, and security...;;en
665331;H2020-EU.2.1.1.7.3.;Multi-disciplinary approaches for smart systems, supported by developments in holistic design and advanced manufacturing to realise self-reliant and adaptable smart systems having sophisticated interfaces and offering complex functionalities based on, fo...;;en
665333;H2020-EU.3.3.8.;FCH2 (energy objectives);;en
665335;H2020-EU.3.3.8.1.;Increase the electrical efficiency and the durability of the different fuel cells used for power production to levels which can compete with conventional technologies, while reducing costs;;en
665337;H2020-EU.3.3.8.2.;Increase the energy efficiency of production of hydrogen mainly from water electrolysis and renewable sources while reducing operating and capital costs, so that the combined system of the hydrogen production and the conversion using the fuel cell system...;;en
665339;H2020-EU.3.3.8.3.;Demonstrate on a large scale the feasibility of using hydrogen to support integration of renewable energy sources into the energy systems, including through its use as a competitive energy storage medium for electricity produced from renewable energy sou...;;en
665341;H2020-EU.3.4.6.;FCH2 (transport objectives);;en
665343;H2020-EU.3.4.6.1.;Reduce the production cost of fuel cell systems to be used in transport applications, while increasing their lifetime to levels which can compete with conventional technologies;;en
665345;H2020-EU.3.5.7.;FCH2 (raw materials objective);;en
665347;H2020-EU.3.5.7.1.;"Reduce the use of the EU defined ""Critical raw materials"", for instance through low platinum or platinum free resources and through recycling or reducing or avoiding the use of rare earth elements";;en
665349;H2020-EU.3.1.7.;Innovative Medicines Initiative 2 (IMI2);;en
665351;H2020-EU.3.1.7.1.;Antimicrobial resistance;;en
665353;H2020-EU.3.1.7.2.;Osteoarthritis;;en
665355;H2020-EU.3.1.7.3.;Cardiovascular diseases;;en
665357;H2020-EU.3.1.7.4.;Diabetes;;en
665359;H2020-EU.3.1.7.5.;Neurodegenerative diseases;;en
665361;H2020-EU.3.1.7.6.;Psychiatric diseases;;en
665363;H2020-EU.3.1.7.7.;Respiratory diseases;;en
665365;H2020-EU.3.1.7.8.;Immune-mediated diseases;;en
665367;H2020-EU.3.1.7.9.;Ageing-associated diseases;;en
665369;H2020-EU.3.1.7.10.;Cancer;;en
665371;H2020-EU.3.1.7.11.;Rare/Orphan Diseases;;en
665373;H2020-EU.3.1.7.12.;Vaccine;;en
665375;H2020-EU.3.1.7.13.;Other;;en
665402;H2020-EU.3.4.5;CLEANSKY2;;en
665404;H2020-EU.3.4.5.1.;IADP Large Passenger Aircraft;;en
665406;H2020-EU.3.4.5.2.;IADP Regional Aircraft;;en
665408;H2020-EU.3.4.5.3.;IADP Fast Rotorcraft;;en
665410;H2020-EU.3.4.5.4.;ITD Airframe;;en
665412;H2020-EU.3.4.5.5.;ITD Engines;;en
665414;H2020-EU.3.4.5.6.;ITD Systems;;en
665416;H2020-EU.3.4.5.7.;Small Air Transport (SAT) Transverse Area;;en
665418;H2020-EU.3.4.5.8.;ECO Transverse  Area;;en
665420;H2020-EU.3.4.5.9.;Technology Evaluator;;en
669176;H2020-EU.3.4.7.1;Exploratory Research;;en
680827;H2020-EU.3.4.7.;SESAR JU;;en
